Completeness_1_Sequence216_Horizon_1_WindowSize_1_Linear,5.256521300001623
Completeness_1_Sequence216_Horizon_1_WindowSize_3_LSTM,3.8673796000002767
Completeness_1_Sequence216_Horizon_1_WindowSize_6_LSTM,3.728278599999612
Completeness_1_Sequence216_Horizon_1_WindowSize_12_LSTM,4.899293200000102
Completeness_1_Sequence216_Horizon_1_WindowSize_24_LSTM,6.354152399999293
Completeness_1_Sequence216_Horizon_1_WindowSize_48_LSTM,8.86357009999847
Completeness_1_Sequence216_Horizon_1_WindowSize_96_LSTM,11.231376800002181
Completeness_1_Horizon_1_Overall,44.211064900002384
Completeness_1_Sequence216_Horizon_3_WindowSize_1_Linear,6.300954199999978
Completeness_1_Sequence216_Horizon_3_WindowSize_3_LSTM,3.0163267999996606
Completeness_1_Sequence216_Horizon_3_WindowSize_6_LSTM,3.6138662999983353
Completeness_1_Sequence216_Horizon_3_WindowSize_12_LSTM,5.179975999999442
Completeness_1_Sequence216_Horizon_3_WindowSize_24_LSTM,7.55840089999765
Completeness_1_Sequence216_Horizon_3_WindowSize_48_LSTM,10.040409000001091
Completeness_1_Sequence216_Horizon_3_WindowSize_96_LSTM,14.110541499998362
Completeness_1_Horizon_3_Overall,49.83142500000031
Completeness_1_Sequence216_Horizon_6_WindowSize_1_Linear,8.751260000000912
Completeness_1_Sequence216_Horizon_6_WindowSize_3_LSTM,4.948861400000169
Completeness_1_Sequence216_Horizon_6_WindowSize_6_LSTM,5.502717400002439
Completeness_1_Sequence216_Horizon_6_WindowSize_12_LSTM,6.650508499998978
Completeness_1_Sequence216_Horizon_6_WindowSize_24_LSTM,6.819207699998515
Completeness_1_Sequence216_Horizon_6_WindowSize_48_LSTM,10.922610699999495
Completeness_1_Sequence216_Horizon_6_WindowSize_96_LSTM,12.736955500000477
Completeness_1_Horizon_6_Overall,56.34574430000066
Completeness_1_Sequence216_Horizon_12_WindowSize_1_Linear,6.15827740000168
Completeness_1_Sequence216_Horizon_12_WindowSize_3_LSTM,3.1425773999981175
Completeness_1_Sequence216_Horizon_12_WindowSize_6_LSTM,3.4084100000000035
Completeness_1_Sequence216_Horizon_12_WindowSize_12_LSTM,4.67937080000047
Completeness_1_Sequence216_Horizon_12_WindowSize_24_LSTM,6.399364099997911
Completeness_1_Sequence216_Horizon_12_WindowSize_48_LSTM,8.903003499999613
Completeness_1_Sequence216_Horizon_12_WindowSize_96_LSTM,11.788877500002855
Completeness_1_Horizon_12_Overall,44.49034000000029
Completeness_1_Sequence216_Horizon_24_WindowSize_1_Linear,5.4970807999998215
Completeness_1_Sequence216_Horizon_24_WindowSize_3_LSTM,2.6620651000012003
Completeness_1_Sequence216_Horizon_24_WindowSize_6_LSTM,2.9877859000007447
Completeness_1_Sequence216_Horizon_24_WindowSize_12_LSTM,4.536528399999952
Completeness_1_Sequence216_Horizon_24_WindowSize_24_LSTM,6.350151200000255
Completeness_1_Sequence216_Horizon_24_WindowSize_48_LSTM,8.982247500000085
Completeness_1_Sequence216_Horizon_24_WindowSize_96_LSTM,9.58308709999983
Completeness_1_Horizon_24_Overall,40.61922269999923
Completeness_1_Sequence432_Horizon_1_WindowSize_1_Linear,5.99984029999905
Completeness_1_Sequence432_Horizon_1_WindowSize_3_LSTM,3.1429286999991746
Completeness_1_Sequence432_Horizon_1_WindowSize_6_LSTM,3.6832367000024533
Completeness_1_Sequence432_Horizon_1_WindowSize_12_LSTM,5.118246800000634
Completeness_1_Sequence432_Horizon_1_WindowSize_24_LSTM,7.066086499999074
Completeness_1_Sequence432_Horizon_1_WindowSize_48_LSTM,10.95356460000039
Completeness_1_Sequence432_Horizon_1_WindowSize_96_LSTM,22.04252429999906
Completeness_1_Horizon_1_Overall,58.01907200000278
Completeness_1_Sequence432_Horizon_3_WindowSize_1_Linear,6.284739399998216
Completeness_1_Sequence432_Horizon_3_WindowSize_3_LSTM,3.23864169999797
Completeness_1_Sequence432_Horizon_3_WindowSize_6_LSTM,3.9801584999986517
Completeness_1_Sequence432_Horizon_3_WindowSize_12_LSTM,5.1810557000026165
Completeness_1_Sequence432_Horizon_3_WindowSize_24_LSTM,6.844535599997471
Completeness_1_Sequence432_Horizon_3_WindowSize_48_LSTM,10.267925000000105
Completeness_1_Sequence432_Horizon_3_WindowSize_96_LSTM,13.54619879999882
Completeness_1_Horizon_3_Overall,49.35343400000056
Completeness_1_Sequence432_Horizon_6_WindowSize_1_Linear,6.316670399999566
Completeness_1_Sequence432_Horizon_6_WindowSize_3_LSTM,2.8633222999997088
Completeness_1_Sequence432_Horizon_6_WindowSize_6_LSTM,3.8030001999977685
Completeness_1_Sequence432_Horizon_6_WindowSize_12_LSTM,4.890385299997433
Completeness_1_Sequence432_Horizon_6_WindowSize_24_LSTM,6.753691999998409
Completeness_1_Sequence432_Horizon_6_WindowSize_48_LSTM,9.735479300001316
Completeness_1_Sequence432_Horizon_6_WindowSize_96_LSTM,12.591646699998819
Completeness_1_Horizon_6_Overall,46.9625320999985
Completeness_1_Sequence432_Horizon_12_WindowSize_1_Linear,5.875745699999243
Completeness_1_Sequence432_Horizon_12_WindowSize_3_LSTM,3.3917306999974244
Completeness_1_Sequence432_Horizon_12_WindowSize_6_LSTM,4.032358099997509
Completeness_1_Sequence432_Horizon_12_WindowSize_12_LSTM,5.123269899999286
Completeness_1_Sequence432_Horizon_12_WindowSize_24_LSTM,7.797013899999001
Completeness_1_Sequence432_Horizon_12_WindowSize_48_LSTM,9.855071599999064
Completeness_1_Sequence432_Horizon_12_WindowSize_96_LSTM,13.631477499999164
Completeness_1_Horizon_12_Overall,49.71769459999996
Completeness_1_Sequence432_Horizon_24_WindowSize_1_Linear,6.126353800002107
Completeness_1_Sequence432_Horizon_24_WindowSize_3_LSTM,2.9042870000012044
Completeness_1_Sequence432_Horizon_24_WindowSize_6_LSTM,3.4427265000012994
Completeness_1_Sequence432_Horizon_24_WindowSize_12_LSTM,4.414530199999717
Completeness_1_Sequence432_Horizon_24_WindowSize_24_LSTM,6.001005300000543
Completeness_1_Sequence432_Horizon_24_WindowSize_48_LSTM,8.207302099999652
Completeness_1_Sequence432_Horizon_24_WindowSize_96_LSTM,9.887869499998487
Completeness_1_Horizon_24_Overall,40.99477499999921
Completeness_1_Sequence648_Horizon_1_WindowSize_1_Linear,6.215947299999243
Completeness_1_Sequence648_Horizon_1_WindowSize_3_LSTM,3.6332633000019996
Completeness_1_Sequence648_Horizon_1_WindowSize_6_LSTM,4.2931673000020965
Completeness_1_Sequence648_Horizon_1_WindowSize_12_LSTM,5.245232400000532
Completeness_1_Sequence648_Horizon_1_WindowSize_24_LSTM,7.256578399999853
Completeness_1_Sequence648_Horizon_1_WindowSize_48_LSTM,9.395572999997967
Completeness_1_Sequence648_Horizon_1_WindowSize_96_LSTM,20.686927300001116
Completeness_1_Horizon_1_Overall,56.737674199997855
Completeness_1_Sequence648_Horizon_3_WindowSize_1_Linear,5.967749499999627
Completeness_1_Sequence648_Horizon_3_WindowSize_3_LSTM,3.1408577999973204
Completeness_1_Sequence648_Horizon_3_WindowSize_6_LSTM,4.373282900000049
Completeness_1_Sequence648_Horizon_3_WindowSize_12_LSTM,5.228853000000527
Completeness_1_Sequence648_Horizon_3_WindowSize_24_LSTM,7.478567699999985
Completeness_1_Sequence648_Horizon_3_WindowSize_48_LSTM,13.456933800000115
Completeness_1_Sequence648_Horizon_3_WindowSize_96_LSTM,25.736906199999794
Completeness_1_Horizon_3_Overall,65.3938296999986
Completeness_1_Sequence648_Horizon_6_WindowSize_1_Linear,7.190874199997779
Completeness_1_Sequence648_Horizon_6_WindowSize_3_LSTM,3.500907699999516
Completeness_1_Sequence648_Horizon_6_WindowSize_6_LSTM,4.278906600000482
Completeness_1_Sequence648_Horizon_6_WindowSize_12_LSTM,5.961345200001233
Completeness_1_Sequence648_Horizon_6_WindowSize_24_LSTM,7.748747300000105
Completeness_1_Sequence648_Horizon_6_WindowSize_48_LSTM,10.622779999997874
Completeness_1_Sequence648_Horizon_6_WindowSize_96_LSTM,14.16508740000063
Completeness_1_Horizon_6_Overall,53.47959029999765
Completeness_1_Sequence648_Horizon_12_WindowSize_1_Linear,6.918524599997909
Completeness_1_Sequence648_Horizon_12_WindowSize_3_LSTM,3.352946000002703
Completeness_1_Sequence648_Horizon_12_WindowSize_6_LSTM,3.5879515999986324
Completeness_1_Sequence648_Horizon_12_WindowSize_12_LSTM,5.272225000000617
Completeness_1_Sequence648_Horizon_12_WindowSize_24_LSTM,6.611281500001496
Completeness_1_Sequence648_Horizon_12_WindowSize_48_LSTM,8.904867000001104
Completeness_1_Sequence648_Horizon_12_WindowSize_96_LSTM,10.908874400000059
Completeness_1_Horizon_12_Overall,45.567977300001075
Completeness_1_Sequence648_Horizon_24_WindowSize_1_Linear,5.54645249999885
Completeness_1_Sequence648_Horizon_24_WindowSize_3_LSTM,2.790283400001499
Completeness_1_Sequence648_Horizon_24_WindowSize_6_LSTM,3.361379999998462
Completeness_1_Sequence648_Horizon_24_WindowSize_12_LSTM,4.423299099998985
Completeness_1_Sequence648_Horizon_24_WindowSize_24_LSTM,6.243835500001296
Completeness_1_Sequence648_Horizon_24_WindowSize_48_LSTM,8.456881799997063
Completeness_1_Sequence648_Horizon_24_WindowSize_96_LSTM,10.353324200001225
Completeness_1_Horizon_24_Overall,41.187123699997755
Completeness_1_Sequence864_Horizon_1_WindowSize_1_Linear,6.361186699999962
Completeness_1_Sequence864_Horizon_1_WindowSize_3_LSTM,3.5428917999997793
Completeness_1_Sequence864_Horizon_1_WindowSize_6_LSTM,4.400515599998471
Completeness_1_Sequence864_Horizon_1_WindowSize_12_LSTM,6.0098903000034625
Completeness_1_Sequence864_Horizon_1_WindowSize_24_LSTM,7.433455399997911
Completeness_1_Sequence864_Horizon_1_WindowSize_48_LSTM,10.317675300000701
Completeness_1_Sequence864_Horizon_1_WindowSize_96_LSTM,14.475803799999994
Completeness_1_Horizon_1_Overall,52.5535521999991
Completeness_1_Sequence864_Horizon_3_WindowSize_1_Linear,7.69629260000147
Completeness_1_Sequence864_Horizon_3_WindowSize_3_LSTM,3.317466099997546
Completeness_1_Sequence864_Horizon_3_WindowSize_6_LSTM,3.6578669999980775
Completeness_1_Sequence864_Horizon_3_WindowSize_12_LSTM,5.0809599999993225
Completeness_1_Sequence864_Horizon_3_WindowSize_24_LSTM,6.851720700000442
Completeness_1_Sequence864_Horizon_3_WindowSize_48_LSTM,9.683942600000591
Completeness_1_Sequence864_Horizon_3_WindowSize_96_LSTM,11.699519199999486
Completeness_1_Horizon_3_Overall,47.9978603999989
Completeness_1_Sequence864_Horizon_6_WindowSize_1_Linear,5.892527399999381
Completeness_1_Sequence864_Horizon_6_WindowSize_3_LSTM,3.1402902000008908
Completeness_1_Sequence864_Horizon_6_WindowSize_6_LSTM,3.6235601999978826
Completeness_1_Sequence864_Horizon_6_WindowSize_12_LSTM,4.749649400000635
Completeness_1_Sequence864_Horizon_6_WindowSize_24_LSTM,6.861907700000302
Completeness_1_Sequence864_Horizon_6_WindowSize_48_LSTM,11.137544900000648
Completeness_1_Sequence864_Horizon_6_WindowSize_96_LSTM,20.080525000001217
Completeness_1_Horizon_6_Overall,55.499285599998984
Completeness_1_Sequence864_Horizon_12_WindowSize_1_Linear,5.7910451000025205
Completeness_1_Sequence864_Horizon_12_WindowSize_3_LSTM,3.1475448999990476
Completeness_1_Sequence864_Horizon_12_WindowSize_6_LSTM,3.4685844000014185
Completeness_1_Sequence864_Horizon_12_WindowSize_12_LSTM,5.053230800000165
Completeness_1_Sequence864_Horizon_12_WindowSize_24_LSTM,6.433359200000268
Completeness_1_Sequence864_Horizon_12_WindowSize_48_LSTM,8.536180699997203
Completeness_1_Sequence864_Horizon_12_WindowSize_96_LSTM,13.26871630000096
Completeness_1_Horizon_12_Overall,45.71017530000245
Completeness_1_Sequence864_Horizon_24_WindowSize_1_Linear,5.3884032999994815
Completeness_1_Sequence864_Horizon_24_WindowSize_3_LSTM,2.858511999998882
Completeness_1_Sequence864_Horizon_24_WindowSize_6_LSTM,3.339045900000201
Completeness_1_Sequence864_Horizon_24_WindowSize_12_LSTM,4.500931900001888
Completeness_1_Sequence864_Horizon_24_WindowSize_24_LSTM,6.07599659999687
Completeness_1_Sequence864_Horizon_24_WindowSize_48_LSTM,9.369840299998032
Completeness_1_Sequence864_Horizon_24_WindowSize_96_LSTM,16.805897600002936
Completeness_1_Horizon_24_Overall,48.34948850000001
Completeness_0.95_Sequence1288_Horizon_1_WindowSize_1_Linear,32.54072180000003
Completeness_0.95_Sequence1288_Horizon_1_WindowSize_3_LSTM,21.396499099999346
Completeness_0.95_Sequence1288_Horizon_1_WindowSize_6_LSTM,23.50946550000299
Completeness_0.95_Sequence1288_Horizon_1_WindowSize_12_LSTM,34.63171800000055
Completeness_0.95_Sequence1288_Horizon_1_WindowSize_24_LSTM,53.83680960000129
Completeness_0.95_Sequence1288_Horizon_1_WindowSize_48_LSTM,100.93250279999847
Completeness_0.95_Sequence1288_Horizon_1_WindowSize_96_LSTM,130.78876550000132
Completeness_0.95_Horizon_1_Overall,397.64958560000014
Completeness_0.95_Sequence1288_Horizon_3_WindowSize_1_Linear,37.94353830000182
Completeness_0.95_Sequence1288_Horizon_3_WindowSize_3_LSTM,22.93830810000145
Completeness_0.95_Sequence1288_Horizon_3_WindowSize_6_LSTM,29.790765899997496
Completeness_0.95_Sequence1288_Horizon_3_WindowSize_12_LSTM,36.838034600001265
Completeness_0.95_Sequence1288_Horizon_3_WindowSize_24_LSTM,58.53459099999964
Completeness_0.95_Sequence1288_Horizon_3_WindowSize_48_LSTM,117.36732579999807
Completeness_0.95_Sequence1288_Horizon_3_WindowSize_96_LSTM,346.1428582000008
Completeness_0.95_Horizon_3_Overall,649.5681570000015
Completeness_0.95_Sequence1288_Horizon_6_WindowSize_1_Linear,62.078353400000196
Completeness_0.95_Sequence1288_Horizon_6_WindowSize_3_LSTM,33.00024279999707
Completeness_0.95_Sequence1288_Horizon_6_WindowSize_6_LSTM,38.832678199996735
Completeness_0.95_Sequence1288_Horizon_6_WindowSize_12_LSTM,47.8066153999971
Completeness_0.95_Sequence1288_Horizon_6_WindowSize_24_LSTM,58.73790809999991
Completeness_0.95_Sequence1288_Horizon_6_WindowSize_48_LSTM,96.2950908999992
Completeness_0.95_Sequence1288_Horizon_6_WindowSize_96_LSTM,288.70628729999953
Completeness_0.95_Horizon_6_Overall,625.4682326000002
Completeness_0.95_Sequence1288_Horizon_12_WindowSize_1_Linear,54.88919609999721
Completeness_0.95_Sequence1288_Horizon_12_WindowSize_3_LSTM,32.42792620000182
Completeness_0.95_Sequence1288_Horizon_12_WindowSize_6_LSTM,37.67237930000192
Completeness_0.95_Sequence1288_Horizon_12_WindowSize_12_LSTM,50.46291910000218
Completeness_0.95_Sequence1288_Horizon_12_WindowSize_24_LSTM,77.20678029999908
Completeness_0.95_Sequence1288_Horizon_12_WindowSize_48_LSTM,138.6474324999981
Completeness_0.95_Sequence1288_Horizon_12_WindowSize_96_LSTM,348.3176147999984
Completeness_0.95_Horizon_12_Overall,739.650155700001
Completeness_0.95_Sequence1288_Horizon_24_WindowSize_1_Linear,99.70222020000074
Completeness_0.95_Sequence1288_Horizon_24_WindowSize_3_LSTM,40.94181010000102
Completeness_0.95_Sequence1288_Horizon_24_WindowSize_6_LSTM,40.648896600003354
Completeness_0.95_Sequence1288_Horizon_24_WindowSize_12_LSTM,47.677687100000185
Completeness_0.95_Sequence1288_Horizon_24_WindowSize_24_LSTM,70.46920189999946
Completeness_0.95_Sequence1288_Horizon_24_WindowSize_48_LSTM,105.75935899999968
Completeness_0.95_Sequence1288_Horizon_24_WindowSize_96_LSTM,120.04375119999895
Completeness_0.95_Horizon_24_Overall,525.2600910000001
Completeness_0.95_Sequence2576_Horizon_1_WindowSize_1_Linear,35.89279180000085
Completeness_0.95_Sequence2576_Horizon_1_WindowSize_3_LSTM,19.581681200001185
Completeness_0.95_Sequence2576_Horizon_1_WindowSize_6_LSTM,23.072454100001778
Completeness_0.95_Sequence2576_Horizon_1_WindowSize_12_LSTM,33.45889399999942
Completeness_0.95_Sequence2576_Horizon_1_WindowSize_24_LSTM,47.14115999999922
Completeness_0.95_Sequence2576_Horizon_1_WindowSize_48_LSTM,67.11377849999917
Completeness_0.95_Sequence2576_Horizon_1_WindowSize_96_LSTM,155.63892009999836
Completeness_0.95_Horizon_1_Overall,381.91600689999905
Completeness_0.95_Sequence2576_Horizon_3_WindowSize_1_Linear,32.38391899999988
Completeness_0.95_Sequence2576_Horizon_3_WindowSize_3_LSTM,18.05489250000028
Completeness_0.95_Sequence2576_Horizon_3_WindowSize_6_LSTM,21.054012599997805
Completeness_0.95_Sequence2576_Horizon_3_WindowSize_12_LSTM,31.49245410000003
Completeness_0.95_Sequence2576_Horizon_3_WindowSize_24_LSTM,46.86200209999879
Completeness_0.95_Sequence2576_Horizon_3_WindowSize_48_LSTM,80.24167120000129
Completeness_0.95_Sequence2576_Horizon_3_WindowSize_96_LSTM,123.41943619999802
Completeness_0.95_Horizon_3_Overall,353.5196394000013
Completeness_0.95_Sequence2576_Horizon_6_WindowSize_1_Linear,32.74287639999966
Completeness_0.95_Sequence2576_Horizon_6_WindowSize_3_LSTM,20.947479499998735
Completeness_0.95_Sequence2576_Horizon_6_WindowSize_6_LSTM,23.050138500002504
Completeness_0.95_Sequence2576_Horizon_6_WindowSize_12_LSTM,32.024141599998984
Completeness_0.95_Sequence2576_Horizon_6_WindowSize_24_LSTM,48.84757539999919
Completeness_0.95_Sequence2576_Horizon_6_WindowSize_48_LSTM,83.16329000000042
Completeness_0.95_Sequence2576_Horizon_6_WindowSize_96_LSTM,134.31519540000227
Completeness_0.95_Horizon_6_Overall,375.10290140000143
Completeness_0.95_Sequence2576_Horizon_12_WindowSize_1_Linear,36.78433139999834
Completeness_0.95_Sequence2576_Horizon_12_WindowSize_3_LSTM,21.658936600000743
Completeness_0.95_Sequence2576_Horizon_12_WindowSize_6_LSTM,26.756006499999785
Completeness_0.95_Sequence2576_Horizon_12_WindowSize_12_LSTM,34.66559620000044
Completeness_0.95_Sequence2576_Horizon_12_WindowSize_24_LSTM,53.94453129999965
Completeness_0.95_Sequence2576_Horizon_12_WindowSize_48_LSTM,127.74868580000111
Completeness_0.95_Sequence2576_Horizon_12_WindowSize_96_LSTM,150.6945358999983
Completeness_0.95_Horizon_12_Overall,452.2797638999982
Completeness_0.95_Sequence2576_Horizon_24_WindowSize_1_Linear,33.029559900001914
Completeness_0.95_Sequence2576_Horizon_24_WindowSize_3_LSTM,21.603590499998973
Completeness_0.95_Sequence2576_Horizon_24_WindowSize_6_LSTM,24.48417370000243
Completeness_0.95_Sequence2576_Horizon_24_WindowSize_12_LSTM,33.696950699999434
Completeness_0.95_Sequence2576_Horizon_24_WindowSize_24_LSTM,47.612837800003035
Completeness_0.95_Sequence2576_Horizon_24_WindowSize_48_LSTM,74.00075490000017
Completeness_0.95_Sequence2576_Horizon_24_WindowSize_96_LSTM,128.82129319999876
Completeness_0.95_Horizon_24_Overall,363.2614726000029
Completeness_0.95_Sequence3864_Horizon_1_WindowSize_1_Linear,33.33894800000053
Completeness_0.95_Sequence3864_Horizon_1_WindowSize_3_LSTM,19.981512199999997
Completeness_0.95_Sequence3864_Horizon_1_WindowSize_6_LSTM,23.670178000000305
Completeness_0.95_Sequence3864_Horizon_1_WindowSize_12_LSTM,34.50432830000136
Completeness_0.95_Sequence3864_Horizon_1_WindowSize_24_LSTM,57.0452632000015
Completeness_0.95_Sequence3864_Horizon_1_WindowSize_48_LSTM,73.8243638999993
Completeness_0.95_Sequence3864_Horizon_1_WindowSize_96_LSTM,183.21425960000124
Completeness_0.95_Horizon_1_Overall,425.59170599999925
Completeness_0.95_Sequence3864_Horizon_3_WindowSize_1_Linear,35.25208399999974
Completeness_0.95_Sequence3864_Horizon_3_WindowSize_3_LSTM,20.816244100002223
Completeness_0.95_Sequence3864_Horizon_3_WindowSize_6_LSTM,24.676089000000502
Completeness_0.95_Sequence3864_Horizon_3_WindowSize_12_LSTM,34.008741600002395
Completeness_0.95_Sequence3864_Horizon_3_WindowSize_24_LSTM,49.61335439999675
Completeness_0.95_Sequence3864_Horizon_3_WindowSize_48_LSTM,78.25476589999744
Completeness_0.95_Sequence3864_Horizon_3_WindowSize_96_LSTM,202.3702196000013
Completeness_0.95_Horizon_3_Overall,445.0028831999989
Completeness_0.95_Sequence3864_Horizon_6_WindowSize_1_Linear,33.13721500000247
Completeness_0.95_Sequence3864_Horizon_6_WindowSize_3_LSTM,22.11465209999733
Completeness_0.95_Sequence3864_Horizon_6_WindowSize_6_LSTM,26.488325899998017
Completeness_0.95_Sequence3864_Horizon_6_WindowSize_12_LSTM,33.25698330000159
Completeness_0.95_Sequence3864_Horizon_6_WindowSize_24_LSTM,45.552594200002204
Completeness_0.95_Sequence3864_Horizon_6_WindowSize_48_LSTM,74.71036910000112
Completeness_0.95_Sequence3864_Horizon_6_WindowSize_96_LSTM,127.29760910000186
Completeness_0.95_Horizon_6_Overall,362.569158899998
Completeness_0.95_Sequence3864_Horizon_12_WindowSize_1_Linear,32.36260169999878
Completeness_0.95_Sequence3864_Horizon_12_WindowSize_3_LSTM,20.935638599999947
Completeness_0.95_Sequence3864_Horizon_12_WindowSize_6_LSTM,24.42295390000072
Completeness_0.95_Sequence3864_Horizon_12_WindowSize_12_LSTM,33.60507090000465
Completeness_0.95_Sequence3864_Horizon_12_WindowSize_24_LSTM,50.2657779000001
Completeness_0.95_Sequence3864_Horizon_12_WindowSize_48_LSTM,113.18717399999878
Completeness_0.95_Sequence3864_Horizon_12_WindowSize_96_LSTM,174.3867511999997
Completeness_0.95_Horizon_12_Overall,449.17778030000045
Completeness_0.95_Sequence3864_Horizon_24_WindowSize_1_Linear,32.20005390000006
Completeness_0.95_Sequence3864_Horizon_24_WindowSize_3_LSTM,19.614156800002092
Completeness_0.95_Sequence3864_Horizon_24_WindowSize_6_LSTM,24.194403200002853
Completeness_0.95_Sequence3864_Horizon_24_WindowSize_12_LSTM,36.4011890000038
Completeness_0.95_Sequence3864_Horizon_24_WindowSize_24_LSTM,46.95328719999816
Completeness_0.95_Sequence3864_Horizon_24_WindowSize_48_LSTM,72.98690820000047
Completeness_0.95_Sequence3864_Horizon_24_WindowSize_96_LSTM,126.21062520000123
Completeness_0.95_Horizon_24_Overall,358.57068250000157
Completeness_0.95_Sequence5152_Horizon_1_WindowSize_1_Linear,31.250706599996192
Completeness_0.95_Sequence5152_Horizon_1_WindowSize_3_LSTM,18.53086610000173
Completeness_0.95_Sequence5152_Horizon_1_WindowSize_6_LSTM,25.06891889999679
Completeness_0.95_Sequence5152_Horizon_1_WindowSize_12_LSTM,41.11509870000009
Completeness_0.95_Sequence5152_Horizon_1_WindowSize_24_LSTM,57.937297299999045
Completeness_0.95_Sequence5152_Horizon_1_WindowSize_48_LSTM,135.08224669999618
Completeness_0.95_Sequence5152_Horizon_1_WindowSize_96_LSTM,223.10603199999605
Completeness_0.95_Horizon_1_Overall,532.1034008999995
Completeness_0.95_Sequence5152_Horizon_3_WindowSize_1_Linear,72.04753390000405
Completeness_0.95_Sequence5152_Horizon_3_WindowSize_3_LSTM,37.02354029999697
Completeness_0.95_Sequence5152_Horizon_3_WindowSize_6_LSTM,37.53384079999523
Completeness_0.95_Sequence5152_Horizon_3_WindowSize_12_LSTM,52.657960799995635
Completeness_0.95_Sequence5152_Horizon_3_WindowSize_24_LSTM,71.34228699999949
Completeness_0.95_Sequence5152_Horizon_3_WindowSize_48_LSTM,99.19365120000293
Completeness_0.95_Sequence5152_Horizon_3_WindowSize_96_LSTM,257.6566684999998
Completeness_0.95_Horizon_3_Overall,627.4696085999967
Completeness_0.95_Sequence5152_Horizon_6_WindowSize_1_Linear,35.86433280000347
Completeness_0.95_Sequence5152_Horizon_6_WindowSize_3_LSTM,21.53884449999896
Completeness_0.95_Sequence5152_Horizon_6_WindowSize_6_LSTM,26.614209100000153
Completeness_0.95_Sequence5152_Horizon_6_WindowSize_12_LSTM,33.74082980000094
Completeness_0.95_Sequence5152_Horizon_6_WindowSize_24_LSTM,45.50050100000226
Completeness_0.95_Sequence5152_Horizon_6_WindowSize_48_LSTM,75.21085060000041
Completeness_0.95_Sequence5152_Horizon_6_WindowSize_96_LSTM,139.81605040000431
Completeness_0.95_Horizon_6_Overall,378.30952960000286
Completeness_0.95_Sequence5152_Horizon_12_WindowSize_1_Linear,37.42323710000346
Completeness_0.95_Sequence5152_Horizon_12_WindowSize_3_LSTM,22.09675760000391
Completeness_0.95_Sequence5152_Horizon_12_WindowSize_6_LSTM,25.853859800001374
Completeness_0.95_Sequence5152_Horizon_12_WindowSize_12_LSTM,33.51719800000137
Completeness_0.95_Sequence5152_Horizon_12_WindowSize_24_LSTM,53.456791099997645
Completeness_0.95_Sequence5152_Horizon_12_WindowSize_48_LSTM,123.75358479999704
Completeness_0.95_Sequence5152_Horizon_12_WindowSize_96_LSTM,234.93694619999587
Completeness_0.95_Horizon_12_Overall,531.0517779000002
Completeness_0.95_Sequence5152_Horizon_24_WindowSize_1_Linear,37.5454361000011
Completeness_0.95_Sequence5152_Horizon_24_WindowSize_3_LSTM,19.98026799999934
Completeness_0.95_Sequence5152_Horizon_24_WindowSize_6_LSTM,24.625135900001624
Completeness_0.95_Sequence5152_Horizon_24_WindowSize_12_LSTM,33.926476199994795
Completeness_0.95_Sequence5152_Horizon_24_WindowSize_24_LSTM,47.22428189999482
Completeness_0.95_Sequence5152_Horizon_24_WindowSize_48_LSTM,82.20298370000091
Completeness_0.95_Sequence5152_Horizon_24_WindowSize_96_LSTM,126.03078190000087
Completeness_0.95_Horizon_24_Overall,371.54805739999574
Completeness_0.95_Sequence6440_Horizon_1_WindowSize_1_Linear,36.93452139999863
Completeness_0.95_Sequence6440_Horizon_1_WindowSize_3_LSTM,22.537048599995614
Completeness_0.95_Sequence6440_Horizon_1_WindowSize_6_LSTM,25.773268500000995
Completeness_0.95_Sequence6440_Horizon_1_WindowSize_12_LSTM,34.04962749999686
Completeness_0.95_Sequence6440_Horizon_1_WindowSize_24_LSTM,62.4771499999988
Completeness_0.95_Sequence6440_Horizon_1_WindowSize_48_LSTM,115.89200820000406
Completeness_0.95_Sequence6440_Horizon_1_WindowSize_96_LSTM,243.55320329999813
Completeness_0.95_Horizon_1_Overall,541.2291544000036
Completeness_0.95_Sequence6440_Horizon_3_WindowSize_1_Linear,38.48208490000252
Completeness_0.95_Sequence6440_Horizon_3_WindowSize_3_LSTM,21.38710330000322
Completeness_0.95_Sequence6440_Horizon_3_WindowSize_6_LSTM,25.955603000002156
Completeness_0.95_Sequence6440_Horizon_3_WindowSize_12_LSTM,35.01158669999859
Completeness_0.95_Sequence6440_Horizon_3_WindowSize_24_LSTM,49.25798509999731
Completeness_0.95_Sequence6440_Horizon_3_WindowSize_48_LSTM,80.09085250000498
Completeness_0.95_Sequence6440_Horizon_3_WindowSize_96_LSTM,159.30519349999668
Completeness_0.95_Horizon_3_Overall,409.50175989999843
Completeness_0.95_Sequence6440_Horizon_6_WindowSize_1_Linear,36.130364600001485
Completeness_0.95_Sequence6440_Horizon_6_WindowSize_3_LSTM,20.983253300000797
Completeness_0.95_Sequence6440_Horizon_6_WindowSize_6_LSTM,23.92927690000215
Completeness_0.95_Sequence6440_Horizon_6_WindowSize_12_LSTM,33.1907898999998
Completeness_0.95_Sequence6440_Horizon_6_WindowSize_24_LSTM,48.564912699999695
Completeness_0.95_Sequence6440_Horizon_6_WindowSize_48_LSTM,89.46968639999977
Completeness_0.95_Sequence6440_Horizon_6_WindowSize_96_LSTM,216.0669995999997
Completeness_0.95_Horizon_6_Overall,468.3471239999999
Completeness_0.95_Sequence6440_Horizon_12_WindowSize_1_Linear,37.816525599999295
Completeness_0.95_Sequence6440_Horizon_12_WindowSize_3_LSTM,22.095290999997815
Completeness_0.95_Sequence6440_Horizon_12_WindowSize_6_LSTM,27.12965290000284
Completeness_0.95_Sequence6440_Horizon_12_WindowSize_12_LSTM,36.4741012999948
Completeness_0.95_Sequence6440_Horizon_12_WindowSize_24_LSTM,48.87321410000004
Completeness_0.95_Sequence6440_Horizon_12_WindowSize_48_LSTM,108.62115620000259
Completeness_0.95_Sequence6440_Horizon_12_WindowSize_96_LSTM,125.48166409999976
Completeness_0.95_Horizon_12_Overall,406.50278080000135
Completeness_0.95_Sequence6440_Horizon_24_WindowSize_1_Linear,34.67568549999851
Completeness_0.95_Sequence6440_Horizon_24_WindowSize_3_LSTM,20.984004700003425
Completeness_0.95_Sequence6440_Horizon_24_WindowSize_6_LSTM,23.759687500001746
Completeness_0.95_Sequence6440_Horizon_24_WindowSize_12_LSTM,32.978729000002204
Completeness_0.95_Sequence6440_Horizon_24_WindowSize_24_LSTM,46.34857329999795
Completeness_0.95_Sequence6440_Horizon_24_WindowSize_48_LSTM,81.2064653999987
Completeness_0.95_Sequence6440_Horizon_24_WindowSize_96_LSTM,135.58958580000035
Completeness_0.95_Horizon_24_Overall,375.5553338999962
Completeness_0.9_Sequence1810_Horizon_1_WindowSize_1_Linear,56.08088570000109
Completeness_0.9_Sequence1810_Horizon_1_WindowSize_3_LSTM,30.671608699994977
Completeness_0.9_Sequence1810_Horizon_1_WindowSize_6_LSTM,36.2239230999985
Completeness_0.9_Sequence1810_Horizon_1_WindowSize_12_LSTM,49.73688449999463
Completeness_0.9_Sequence1810_Horizon_1_WindowSize_24_LSTM,73.7770246
Completeness_0.9_Sequence1810_Horizon_1_WindowSize_48_LSTM,126.08054499999707
Completeness_0.9_Sequence1810_Horizon_1_WindowSize_96_LSTM,228.941602400002
Completeness_0.9_Horizon_1_Overall,601.5248659999997
Completeness_0.9_Sequence1810_Horizon_3_WindowSize_1_Linear,47.25302620000002
Completeness_0.9_Sequence1810_Horizon_3_WindowSize_3_LSTM,29.74432009999873
Completeness_0.9_Sequence1810_Horizon_3_WindowSize_6_LSTM,33.89765160000388
Completeness_0.9_Sequence1810_Horizon_3_WindowSize_12_LSTM,45.45674639999925
Completeness_0.9_Sequence1810_Horizon_3_WindowSize_24_LSTM,66.67958889999863
Completeness_0.9_Sequence1810_Horizon_3_WindowSize_48_LSTM,104.65156130000105
Completeness_0.9_Sequence1810_Horizon_3_WindowSize_96_LSTM,337.69351070000266
Completeness_0.9_Horizon_3_Overall,665.3866152999981
Completeness_0.9_Sequence1810_Horizon_6_WindowSize_1_Linear,50.064136200002395
Completeness_0.9_Sequence1810_Horizon_6_WindowSize_3_LSTM,35.472245199998724
Completeness_0.9_Sequence1810_Horizon_6_WindowSize_6_LSTM,45.80162659999769
Completeness_0.9_Sequence1810_Horizon_6_WindowSize_12_LSTM,64.63301169999613
Completeness_0.9_Sequence1810_Horizon_6_WindowSize_24_LSTM,72.61869009999646
Completeness_0.9_Sequence1810_Horizon_6_WindowSize_48_LSTM,158.47928800000227
Completeness_0.9_Sequence1810_Horizon_6_WindowSize_96_LSTM,338.5567054999992
Completeness_0.9_Horizon_6_Overall,765.6392759000009
Completeness_0.9_Sequence1810_Horizon_12_WindowSize_1_Linear,53.889454100004514
Completeness_0.9_Sequence1810_Horizon_12_WindowSize_3_LSTM,29.927151799995045
Completeness_0.9_Sequence1810_Horizon_12_WindowSize_6_LSTM,36.97124659999827
Completeness_0.9_Sequence1810_Horizon_12_WindowSize_12_LSTM,48.54781319999893
Completeness_0.9_Sequence1810_Horizon_12_WindowSize_24_LSTM,71.10592189999443
Completeness_0.9_Sequence1810_Horizon_12_WindowSize_48_LSTM,112.00997990000178
Completeness_0.9_Sequence1810_Horizon_12_WindowSize_96_LSTM,298.2946950999976
Completeness_0.9_Horizon_12_Overall,650.7591319999992
Completeness_0.9_Sequence1810_Horizon_24_WindowSize_1_Linear,51.72193100000004
Completeness_0.9_Sequence1810_Horizon_24_WindowSize_3_LSTM,36.73589460000221
Completeness_0.9_Sequence1810_Horizon_24_WindowSize_6_LSTM,47.560058399998525
Completeness_0.9_Sequence1810_Horizon_24_WindowSize_12_LSTM,64.82241499999509
Completeness_0.9_Sequence1810_Horizon_24_WindowSize_24_LSTM,98.62655380000069
Completeness_0.9_Sequence1810_Horizon_24_WindowSize_48_LSTM,180.62583880000602
Completeness_0.9_Sequence1810_Horizon_24_WindowSize_96_LSTM,509.82334919999994
Completeness_0.9_Horizon_24_Overall,989.9320580999993
Completeness_0.9_Sequence3620_Horizon_1_WindowSize_1_Linear,98.8777143000043
Completeness_0.9_Sequence3620_Horizon_1_WindowSize_3_LSTM,51.031585099997756
Completeness_0.9_Sequence3620_Horizon_1_WindowSize_6_LSTM,41.05501609999919
Completeness_0.9_Sequence3620_Horizon_1_WindowSize_12_LSTM,50.402391200004786
Completeness_0.9_Sequence3620_Horizon_1_WindowSize_24_LSTM,78.25449099999969
Completeness_0.9_Sequence3620_Horizon_1_WindowSize_48_LSTM,133.60336339999776
Completeness_0.9_Sequence3620_Horizon_1_WindowSize_96_LSTM,194.86019050000323
Completeness_0.9_Horizon_1_Overall,648.0972336999985
Completeness_0.9_Sequence3620_Horizon_3_WindowSize_1_Linear,53.06445179999719
Completeness_0.9_Sequence3620_Horizon_3_WindowSize_3_LSTM,28.840462299995124
Completeness_0.9_Sequence3620_Horizon_3_WindowSize_6_LSTM,34.538652600000205
Completeness_0.9_Sequence3620_Horizon_3_WindowSize_12_LSTM,46.07378779999999
Completeness_0.9_Sequence3620_Horizon_3_WindowSize_24_LSTM,71.91412200000195
Completeness_0.9_Sequence3620_Horizon_3_WindowSize_48_LSTM,113.64488559999882
Completeness_0.9_Sequence3620_Horizon_3_WindowSize_96_LSTM,195.39115120000497
Completeness_0.9_Horizon_3_Overall,543.4781288000013
Completeness_0.9_Sequence3620_Horizon_6_WindowSize_1_Linear,50.67889589999686
Completeness_0.9_Sequence3620_Horizon_6_WindowSize_3_LSTM,28.20288779999828
Completeness_0.9_Sequence3620_Horizon_6_WindowSize_6_LSTM,38.1616217999981
Completeness_0.9_Sequence3620_Horizon_6_WindowSize_12_LSTM,49.11464890000207
Completeness_0.9_Sequence3620_Horizon_6_WindowSize_24_LSTM,79.60074259999965
Completeness_0.9_Sequence3620_Horizon_6_WindowSize_48_LSTM,160.2634601999962
Completeness_0.9_Sequence3620_Horizon_6_WindowSize_96_LSTM,206.0422194999992
Completeness_0.9_Horizon_6_Overall,612.0790815
Completeness_0.9_Sequence3620_Horizon_12_WindowSize_1_Linear,44.93153030000394
Completeness_0.9_Sequence3620_Horizon_12_WindowSize_3_LSTM,25.239412300004915
Completeness_0.9_Sequence3620_Horizon_12_WindowSize_6_LSTM,30.74306880000222
Completeness_0.9_Sequence3620_Horizon_12_WindowSize_12_LSTM,43.70591550000245
Completeness_0.9_Sequence3620_Horizon_12_WindowSize_24_LSTM,70.79699940000137
Completeness_0.9_Sequence3620_Horizon_12_WindowSize_48_LSTM,105.7668457999971
Completeness_0.9_Sequence3620_Horizon_12_WindowSize_96_LSTM,205.67287179999403
Completeness_0.9_Horizon_12_Overall,526.8661812999999
Completeness_0.9_Sequence3620_Horizon_24_WindowSize_1_Linear,45.67300460000115
Completeness_0.9_Sequence3620_Horizon_24_WindowSize_3_LSTM,27.67068599999766
Completeness_0.9_Sequence3620_Horizon_24_WindowSize_6_LSTM,33.33989659999497
Completeness_0.9_Sequence3620_Horizon_24_WindowSize_12_LSTM,50.85333079999691
Completeness_0.9_Sequence3620_Horizon_24_WindowSize_24_LSTM,70.43129150000459
Completeness_0.9_Sequence3620_Horizon_24_WindowSize_48_LSTM,124.23518460000196
Completeness_0.9_Sequence3620_Horizon_24_WindowSize_96_LSTM,194.81542590000026
Completeness_0.9_Horizon_24_Overall,547.0280512000027
Completeness_0.9_Sequence5430_Horizon_1_WindowSize_1_Linear,46.79153629999928
Completeness_0.9_Sequence5430_Horizon_1_WindowSize_3_LSTM,29.28388460000133
Completeness_0.9_Sequence5430_Horizon_1_WindowSize_6_LSTM,46.02057659999991
Completeness_0.9_Sequence5430_Horizon_1_WindowSize_12_LSTM,64.13155240000196
Completeness_0.9_Sequence5430_Horizon_1_WindowSize_24_LSTM,93.0428724999947
Completeness_0.9_Sequence5430_Horizon_1_WindowSize_48_LSTM,172.6233529999954
Completeness_0.9_Sequence5430_Horizon_1_WindowSize_96_LSTM,267.583509899996
Completeness_0.9_Horizon_1_Overall,719.4932057000042
Completeness_0.9_Sequence5430_Horizon_3_WindowSize_1_Linear,93.51734960000613
Completeness_0.9_Sequence5430_Horizon_3_WindowSize_3_LSTM,48.16060280000238
Completeness_0.9_Sequence5430_Horizon_3_WindowSize_6_LSTM,53.490825199995015
Completeness_0.9_Sequence5430_Horizon_3_WindowSize_12_LSTM,73.89871560000029
Completeness_0.9_Sequence5430_Horizon_3_WindowSize_24_LSTM,102.12802219999867
Completeness_0.9_Sequence5430_Horizon_3_WindowSize_48_LSTM,157.7842746000024
Completeness_0.9_Sequence5430_Horizon_3_WindowSize_96_LSTM,209.2466745000056
Completeness_0.9_Horizon_3_Overall,738.2432393000054
Completeness_0.9_Sequence5430_Horizon_6_WindowSize_1_Linear,52.00685369999701
Completeness_0.9_Sequence5430_Horizon_6_WindowSize_3_LSTM,28.98054779999802
Completeness_0.9_Sequence5430_Horizon_6_WindowSize_6_LSTM,34.31086210000649
Completeness_0.9_Sequence5430_Horizon_6_WindowSize_12_LSTM,48.67350140000053
Completeness_0.9_Sequence5430_Horizon_6_WindowSize_24_LSTM,66.24690140000166
Completeness_0.9_Sequence5430_Horizon_6_WindowSize_48_LSTM,140.09603190000053
Completeness_0.9_Sequence5430_Horizon_6_WindowSize_96_LSTM,198.11276499999803
Completeness_0.9_Horizon_6_Overall,568.4392128000036
Completeness_0.9_Sequence5430_Horizon_12_WindowSize_1_Linear,43.703517199995986
Completeness_0.9_Sequence5430_Horizon_12_WindowSize_3_LSTM,25.207890599995153
Completeness_0.9_Sequence5430_Horizon_12_WindowSize_6_LSTM,30.328644299996085
Completeness_0.9_Sequence5430_Horizon_12_WindowSize_12_LSTM,44.507216199999675
Completeness_0.9_Sequence5430_Horizon_12_WindowSize_24_LSTM,73.72659710000153
Completeness_0.9_Sequence5430_Horizon_12_WindowSize_48_LSTM,128.96785310000269
Completeness_0.9_Sequence5430_Horizon_12_WindowSize_96_LSTM,187.91092460000073
Completeness_0.9_Horizon_12_Overall,534.3635704000044
Completeness_0.9_Sequence5430_Horizon_24_WindowSize_1_Linear,45.7952737999949
Completeness_0.9_Sequence5430_Horizon_24_WindowSize_3_LSTM,26.739229399994656
Completeness_0.9_Sequence5430_Horizon_24_WindowSize_6_LSTM,32.576257999993686
Completeness_0.9_Sequence5430_Horizon_24_WindowSize_12_LSTM,44.720095700002275
Completeness_0.9_Sequence5430_Horizon_24_WindowSize_24_LSTM,63.705169199995
Completeness_0.9_Sequence5430_Horizon_24_WindowSize_48_LSTM,98.34887670000171
Completeness_0.9_Sequence5430_Horizon_24_WindowSize_96_LSTM,200.354565499998
Completeness_0.9_Horizon_24_Overall,512.249739699997
Completeness_0.9_Sequence7240_Horizon_1_WindowSize_1_Linear,43.9425962000023
Completeness_0.9_Sequence7240_Horizon_1_WindowSize_3_LSTM,28.37606760000199
Completeness_0.9_Sequence7240_Horizon_1_WindowSize_6_LSTM,31.47872880000068
Completeness_0.9_Sequence7240_Horizon_1_WindowSize_12_LSTM,43.971660499999416
Completeness_0.9_Sequence7240_Horizon_1_WindowSize_24_LSTM,64.23015250000026
Completeness_0.9_Sequence7240_Horizon_1_WindowSize_48_LSTM,101.0039764999965
Completeness_0.9_Sequence7240_Horizon_1_WindowSize_96_LSTM,220.17820790000405
Completeness_0.9_Horizon_1_Overall,533.1905330000009
Completeness_0.9_Sequence7240_Horizon_3_WindowSize_1_Linear,46.07202839999809
Completeness_0.9_Sequence7240_Horizon_3_WindowSize_3_LSTM,26.28453059999447
Completeness_0.9_Sequence7240_Horizon_3_WindowSize_6_LSTM,32.21263960000215
Completeness_0.9_Sequence7240_Horizon_3_WindowSize_12_LSTM,45.2157836999977
Completeness_0.9_Sequence7240_Horizon_3_WindowSize_24_LSTM,65.00397360000352
Completeness_0.9_Sequence7240_Horizon_3_WindowSize_48_LSTM,101.64228429999639
Completeness_0.9_Sequence7240_Horizon_3_WindowSize_96_LSTM,208.546084600006
Completeness_0.9_Horizon_3_Overall,524.9864344000016
Completeness_0.9_Sequence7240_Horizon_6_WindowSize_1_Linear,44.93801649999659
Completeness_0.9_Sequence7240_Horizon_6_WindowSize_3_LSTM,26.244476200001372
Completeness_0.9_Sequence7240_Horizon_6_WindowSize_6_LSTM,31.3057184000063
Completeness_0.9_Sequence7240_Horizon_6_WindowSize_12_LSTM,44.210002100000565
Completeness_0.9_Sequence7240_Horizon_6_WindowSize_24_LSTM,68.60644150000007
Completeness_0.9_Sequence7240_Horizon_6_WindowSize_48_LSTM,101.86299439999857
Completeness_0.9_Sequence7240_Horizon_6_WindowSize_96_LSTM,195.78919260000112
Completeness_0.9_Horizon_6_Overall,512.9684767000072
Completeness_0.9_Sequence7240_Horizon_12_WindowSize_1_Linear,46.046869400001015
Completeness_0.9_Sequence7240_Horizon_12_WindowSize_3_LSTM,25.655562899999495
Completeness_0.9_Sequence7240_Horizon_12_WindowSize_6_LSTM,30.749542899997323
Completeness_0.9_Sequence7240_Horizon_12_WindowSize_12_LSTM,44.86824560000241
Completeness_0.9_Sequence7240_Horizon_12_WindowSize_24_LSTM,64.09562160000496
Completeness_0.9_Sequence7240_Horizon_12_WindowSize_48_LSTM,106.07180030000018
Completeness_0.9_Sequence7240_Horizon_12_WindowSize_96_LSTM,199.8363016000003
Completeness_0.9_Horizon_12_Overall,517.3338407999981
Completeness_0.9_Sequence7240_Horizon_24_WindowSize_1_Linear,44.10578990000067
Completeness_0.9_Sequence7240_Horizon_24_WindowSize_3_LSTM,26.24263300000166
Completeness_0.9_Sequence7240_Horizon_24_WindowSize_6_LSTM,31.490561399994476
Completeness_0.9_Sequence7240_Horizon_24_WindowSize_12_LSTM,45.85227460000169
Completeness_0.9_Sequence7240_Horizon_24_WindowSize_24_LSTM,64.82285940000293
Completeness_0.9_Sequence7240_Horizon_24_WindowSize_48_LSTM,132.0188158000019
Completeness_0.9_Sequence7240_Horizon_24_WindowSize_96_LSTM,331.0812001000013
Completeness_0.9_Horizon_24_Overall,675.6248620999977
Completeness_0.9_Sequence9050_Horizon_1_WindowSize_1_Linear,49.86705660000007
Completeness_0.9_Sequence9050_Horizon_1_WindowSize_3_LSTM,30.21543300000485
Completeness_0.9_Sequence9050_Horizon_1_WindowSize_6_LSTM,34.12814680000156
Completeness_0.9_Sequence9050_Horizon_1_WindowSize_12_LSTM,45.23402139999962
Completeness_0.9_Sequence9050_Horizon_1_WindowSize_24_LSTM,69.06572809999489
Completeness_0.9_Sequence9050_Horizon_1_WindowSize_48_LSTM,198.24377050000476
Completeness_0.9_Sequence9050_Horizon_1_WindowSize_96_LSTM,181.9334560999996
Completeness_0.9_Horizon_1_Overall,608.6993396999969
Completeness_0.9_Sequence9050_Horizon_3_WindowSize_1_Linear,58.938644800000475
Completeness_0.9_Sequence9050_Horizon_3_WindowSize_3_LSTM,27.42377079999278
Completeness_0.9_Sequence9050_Horizon_3_WindowSize_6_LSTM,32.82751339999959
Completeness_0.9_Sequence9050_Horizon_3_WindowSize_12_LSTM,61.36715369999729
Completeness_0.9_Sequence9050_Horizon_3_WindowSize_24_LSTM,64.49150340000051
Completeness_0.9_Sequence9050_Horizon_3_WindowSize_48_LSTM,109.04221150000376
Completeness_0.9_Sequence9050_Horizon_3_WindowSize_96_LSTM,262.41882259999693
Completeness_0.9_Horizon_3_Overall,616.5215709999975
Completeness_0.9_Sequence9050_Horizon_6_WindowSize_1_Linear,48.10296570000355
Completeness_0.9_Sequence9050_Horizon_6_WindowSize_3_LSTM,26.65200239999831
Completeness_0.9_Sequence9050_Horizon_6_WindowSize_6_LSTM,30.55117220000102
Completeness_0.9_Sequence9050_Horizon_6_WindowSize_12_LSTM,46.78342749999865
Completeness_0.9_Sequence9050_Horizon_6_WindowSize_24_LSTM,75.20112700000027
Completeness_0.9_Sequence9050_Horizon_6_WindowSize_48_LSTM,117.04252290000295
Completeness_0.9_Sequence9050_Horizon_6_WindowSize_96_LSTM,221.53573560000223
Completeness_0.9_Horizon_6_Overall,565.8798578999995
Completeness_0.9_Sequence9050_Horizon_12_WindowSize_1_Linear,51.22721309999906
Completeness_0.9_Sequence9050_Horizon_12_WindowSize_3_LSTM,27.009949599996617
Completeness_0.9_Sequence9050_Horizon_12_WindowSize_6_LSTM,31.180941599996004
Completeness_0.9_Sequence9050_Horizon_12_WindowSize_12_LSTM,43.361997399995744
Completeness_0.9_Sequence9050_Horizon_12_WindowSize_24_LSTM,65.43188530000043
Completeness_0.9_Sequence9050_Horizon_12_WindowSize_48_LSTM,158.6593292999969
Completeness_0.9_Sequence9050_Horizon_12_WindowSize_96_LSTM,229.43479530000332
Completeness_0.9_Horizon_12_Overall,606.316867900001
Completeness_0.9_Sequence9050_Horizon_24_WindowSize_1_Linear,46.790137199997844
Completeness_0.9_Sequence9050_Horizon_24_WindowSize_3_LSTM,29.80675820000033
Completeness_0.9_Sequence9050_Horizon_24_WindowSize_6_LSTM,34.46402720000333
Completeness_0.9_Sequence9050_Horizon_24_WindowSize_12_LSTM,48.27527150000242
Completeness_0.9_Sequence9050_Horizon_24_WindowSize_24_LSTM,67.06488209999952
Completeness_0.9_Sequence9050_Horizon_24_WindowSize_48_LSTM,211.72478090000368
Completeness_0.9_Sequence9050_Horizon_24_WindowSize_96_LSTM,179.40397569999914
Completeness_0.9_Horizon_24_Overall,617.5407080000004
Completeness_0.8_Sequence2138_Horizon_1_WindowSize_1_Linear,54.52339209999627
Completeness_0.8_Sequence2138_Horizon_1_WindowSize_3_LSTM,36.91673919999448
Completeness_0.8_Sequence2138_Horizon_1_WindowSize_6_LSTM,42.74588300000323
Completeness_0.8_Sequence2138_Horizon_1_WindowSize_12_LSTM,57.341826500000025
Completeness_0.8_Sequence2138_Horizon_1_WindowSize_24_LSTM,85.42408979999891
Completeness_0.8_Sequence2138_Horizon_1_WindowSize_48_LSTM,132.70250469999883
Completeness_0.8_Sequence2138_Horizon_1_WindowSize_96_LSTM,284.8430376000033
Completeness_0.8_Horizon_1_Overall,694.5085848000017
Completeness_0.8_Sequence2138_Horizon_3_WindowSize_1_Linear,56.16404540000076
Completeness_0.8_Sequence2138_Horizon_3_WindowSize_3_LSTM,41.28969649999635
Completeness_0.8_Sequence2138_Horizon_3_WindowSize_6_LSTM,41.16609679999965
Completeness_0.8_Sequence2138_Horizon_3_WindowSize_12_LSTM,61.380204900000535
Completeness_0.8_Sequence2138_Horizon_3_WindowSize_24_LSTM,97.01759300000413
Completeness_0.8_Sequence2138_Horizon_3_WindowSize_48_LSTM,129.6993283999982
Completeness_0.8_Sequence2138_Horizon_3_WindowSize_96_LSTM,284.92012790000445
Completeness_0.8_Horizon_3_Overall,711.6479076999967
Completeness_0.8_Sequence2138_Horizon_6_WindowSize_1_Linear,61.252087299995765
Completeness_0.8_Sequence2138_Horizon_6_WindowSize_3_LSTM,31.015674499998568
Completeness_0.8_Sequence2138_Horizon_6_WindowSize_6_LSTM,39.031414800003404
Completeness_0.8_Sequence2138_Horizon_6_WindowSize_12_LSTM,67.87307180000062
Completeness_0.8_Sequence2138_Horizon_6_WindowSize_24_LSTM,88.37111379999988
Completeness_0.8_Sequence2138_Horizon_6_WindowSize_48_LSTM,145.43419690000155
Completeness_0.8_Sequence2138_Horizon_6_WindowSize_96_LSTM,441.8746858999948
Completeness_0.8_Horizon_6_Overall,874.8632484000045
Completeness_0.8_Sequence2138_Horizon_12_WindowSize_1_Linear,71.26109010000073
Completeness_0.8_Sequence2138_Horizon_12_WindowSize_3_LSTM,39.933548599998176
Completeness_0.8_Sequence2138_Horizon_12_WindowSize_6_LSTM,42.98640349999914
Completeness_0.8_Sequence2138_Horizon_12_WindowSize_12_LSTM,59.79392689999804
Completeness_0.8_Sequence2138_Horizon_12_WindowSize_24_LSTM,93.53903269999864
Completeness_0.8_Sequence2138_Horizon_12_WindowSize_48_LSTM,144.93748099999357
Completeness_0.8_Sequence2138_Horizon_12_WindowSize_96_LSTM,224.12223119999544
Completeness_0.8_Horizon_12_Overall,676.5846023999984
Completeness_0.8_Sequence2138_Horizon_24_WindowSize_1_Linear,68.47141890000057
Completeness_0.8_Sequence2138_Horizon_24_WindowSize_3_LSTM,43.86065759999474
Completeness_0.8_Sequence2138_Horizon_24_WindowSize_6_LSTM,49.28331929999695
Completeness_0.8_Sequence2138_Horizon_24_WindowSize_12_LSTM,71.0466735000009
Completeness_0.8_Sequence2138_Horizon_24_WindowSize_24_LSTM,82.4130404000025
Completeness_0.8_Sequence2138_Horizon_24_WindowSize_48_LSTM,136.13359990000026
Completeness_0.8_Sequence2138_Horizon_24_WindowSize_96_LSTM,215.23293510000076
Completeness_0.8_Horizon_24_Overall,666.4538149
Completeness_0.8_Sequence4276_Horizon_1_WindowSize_1_Linear,59.70271710000088
Completeness_0.8_Sequence4276_Horizon_1_WindowSize_3_LSTM,33.71015750000515
Completeness_0.8_Sequence4276_Horizon_1_WindowSize_6_LSTM,37.14649510000163
Completeness_0.8_Sequence4276_Horizon_1_WindowSize_12_LSTM,58.49046290000115
Completeness_0.8_Sequence4276_Horizon_1_WindowSize_24_LSTM,95.06531939999695
Completeness_0.8_Sequence4276_Horizon_1_WindowSize_48_LSTM,139.1548210999972
Completeness_0.8_Sequence4276_Horizon_1_WindowSize_96_LSTM,258.89161270000477
Completeness_0.8_Horizon_1_Overall,682.1728817000039
Completeness_0.8_Sequence4276_Horizon_3_WindowSize_1_Linear,51.893728199996985
Completeness_0.8_Sequence4276_Horizon_3_WindowSize_3_LSTM,30.050363800000923
Completeness_0.8_Sequence4276_Horizon_3_WindowSize_6_LSTM,35.710134000000835
Completeness_0.8_Sequence4276_Horizon_3_WindowSize_12_LSTM,50.83184739999706
Completeness_0.8_Sequence4276_Horizon_3_WindowSize_24_LSTM,79.96819179999875
Completeness_0.8_Sequence4276_Horizon_3_WindowSize_48_LSTM,188.2939585999993
Completeness_0.8_Sequence4276_Horizon_3_WindowSize_96_LSTM,416.3261547000002
Completeness_0.8_Horizon_3_Overall,853.0850868000052
Completeness_0.8_Sequence4276_Horizon_6_WindowSize_1_Linear,57.93870909999532
Completeness_0.8_Sequence4276_Horizon_6_WindowSize_3_LSTM,33.33893079999689
Completeness_0.8_Sequence4276_Horizon_6_WindowSize_6_LSTM,41.40804400000343
Completeness_0.8_Sequence4276_Horizon_6_WindowSize_12_LSTM,57.530893000002834
Completeness_0.8_Sequence4276_Horizon_6_WindowSize_24_LSTM,83.60391549999622
Completeness_0.8_Sequence4276_Horizon_6_WindowSize_48_LSTM,149.87511999999697
Completeness_0.8_Sequence4276_Horizon_6_WindowSize_96_LSTM,228.80720939999446
Completeness_0.8_Horizon_6_Overall,652.5153151999984
Completeness_0.8_Sequence4276_Horizon_12_WindowSize_1_Linear,56.08346799999708
Completeness_0.8_Sequence4276_Horizon_12_WindowSize_3_LSTM,32.885257199995976
Completeness_0.8_Sequence4276_Horizon_12_WindowSize_6_LSTM,39.59540630000265
Completeness_0.8_Sequence4276_Horizon_12_WindowSize_12_LSTM,56.53424449999875
Completeness_0.8_Sequence4276_Horizon_12_WindowSize_24_LSTM,79.7022993999999
Completeness_0.8_Sequence4276_Horizon_12_WindowSize_48_LSTM,143.78044950000185
Completeness_0.8_Sequence4276_Horizon_12_WindowSize_96_LSTM,239.20217330000014
Completeness_0.8_Horizon_12_Overall,647.7940653999976
Completeness_0.8_Sequence4276_Horizon_24_WindowSize_1_Linear,54.299190100005944
Completeness_0.8_Sequence4276_Horizon_24_WindowSize_3_LSTM,32.816257999998925
Completeness_0.8_Sequence4276_Horizon_24_WindowSize_6_LSTM,39.56059030000324
Completeness_0.8_Sequence4276_Horizon_24_WindowSize_12_LSTM,55.33647909999854
Completeness_0.8_Sequence4276_Horizon_24_WindowSize_24_LSTM,103.69681510000373
Completeness_0.8_Sequence4276_Horizon_24_WindowSize_48_LSTM,237.64889770000445
Completeness_0.8_Sequence4276_Horizon_24_WindowSize_96_LSTM,273.8099570999984
Completeness_0.8_Horizon_24_Overall,797.1791719999965
Completeness_0.8_Sequence6414_Horizon_1_WindowSize_1_Linear,83.92685289999645
Completeness_0.8_Sequence6414_Horizon_1_WindowSize_3_LSTM,34.07715409999946
Completeness_0.8_Sequence6414_Horizon_1_WindowSize_6_LSTM,39.90563700000348
Completeness_0.8_Sequence6414_Horizon_1_WindowSize_12_LSTM,56.89493760000187
Completeness_0.8_Sequence6414_Horizon_1_WindowSize_24_LSTM,96.36941549999756
Completeness_0.8_Sequence6414_Horizon_1_WindowSize_48_LSTM,3249.3156930999976
Completeness_0.8_Sequence6414_Horizon_1_WindowSize_96_LSTM,296.05006560000766
Completeness_0.8_Horizon_1_Overall,3856.549979999996
Completeness_0.8_Sequence6414_Horizon_3_WindowSize_1_Linear,48.728171299997484
Completeness_0.8_Sequence6414_Horizon_3_WindowSize_3_LSTM,32.608683099999325
Completeness_0.8_Sequence6414_Horizon_3_WindowSize_6_LSTM,36.276525799999945
Completeness_0.8_Sequence6414_Horizon_3_WindowSize_12_LSTM,49.488373599990155
Completeness_0.8_Sequence6414_Horizon_3_WindowSize_24_LSTM,70.06640859998879
Completeness_0.8_Sequence6414_Horizon_3_WindowSize_48_LSTM,125.35417799999414
Completeness_0.8_Sequence6414_Horizon_3_WindowSize_96_LSTM,286.02729640000325
Completeness_0.8_Horizon_3_Overall,648.5596821999934
Completeness_0.8_Sequence6414_Horizon_6_WindowSize_1_Linear,49.51017540000612
Completeness_0.8_Sequence6414_Horizon_6_WindowSize_3_LSTM,30.270489399990765
Completeness_0.8_Sequence6414_Horizon_6_WindowSize_6_LSTM,35.90990850000526
Completeness_0.8_Sequence6414_Horizon_6_WindowSize_12_LSTM,52.21421150000242
Completeness_0.8_Sequence6414_Horizon_6_WindowSize_24_LSTM,76.16546370000287
Completeness_0.8_Sequence6414_Horizon_6_WindowSize_48_LSTM,136.3160831999994
Completeness_0.8_Sequence6414_Horizon_6_WindowSize_96_LSTM,566.7991486999963
Completeness_0.8_Horizon_6_Overall,947.20000170001
Completeness_0.8_Sequence6414_Horizon_12_WindowSize_1_Linear,104.39153649999935
Completeness_0.8_Sequence6414_Horizon_12_WindowSize_3_LSTM,55.054862000004505
Completeness_0.8_Sequence6414_Horizon_12_WindowSize_6_LSTM,52.76795850000053
Completeness_0.8_Sequence6414_Horizon_12_WindowSize_12_LSTM,63.52053439999872
Completeness_0.8_Sequence6414_Horizon_12_WindowSize_24_LSTM,78.1916721000016
Completeness_0.8_Sequence6414_Horizon_12_WindowSize_48_LSTM,156.17829780001193
Completeness_0.8_Sequence6414_Horizon_12_WindowSize_96_LSTM,282.9965142000001
Completeness_0.8_Horizon_12_Overall,793.1128562999947
Completeness_0.8_Sequence6414_Horizon_24_WindowSize_1_Linear,54.11013469999307
Completeness_0.8_Sequence6414_Horizon_24_WindowSize_3_LSTM,32.223634299996775
Completeness_0.8_Sequence6414_Horizon_24_WindowSize_6_LSTM,38.94330430000264
Completeness_0.8_Sequence6414_Horizon_24_WindowSize_12_LSTM,55.25263570000243
Completeness_0.8_Sequence6414_Horizon_24_WindowSize_24_LSTM,94.18117540000821
Completeness_0.8_Sequence6414_Horizon_24_WindowSize_48_LSTM,152.2776157000044
Completeness_0.8_Sequence6414_Horizon_24_WindowSize_96_LSTM,374.17293329999666
Completeness_0.8_Horizon_24_Overall,801.1724373000034
Completeness_0.8_Sequence8552_Horizon_1_WindowSize_1_Linear,66.73909890001232
Completeness_0.8_Sequence8552_Horizon_1_WindowSize_3_LSTM,45.48424360000354
Completeness_0.8_Sequence8552_Horizon_1_WindowSize_6_LSTM,49.600379199997406
Completeness_0.8_Sequence8552_Horizon_1_WindowSize_12_LSTM,70.67755229999602
Completeness_0.8_Sequence8552_Horizon_1_WindowSize_24_LSTM,106.76605559999007
Completeness_0.8_Sequence8552_Horizon_1_WindowSize_48_LSTM,186.18611260000034
Completeness_0.8_Sequence8552_Horizon_1_WindowSize_96_LSTM,362.4142928000074
Completeness_0.8_Horizon_1_Overall,887.8806953000021
Completeness_0.8_Sequence8552_Horizon_3_WindowSize_1_Linear,66.0495940999972
Completeness_0.8_Sequence8552_Horizon_3_WindowSize_3_LSTM,42.59376010000415
Completeness_0.8_Sequence8552_Horizon_3_WindowSize_6_LSTM,50.72361600000295
Completeness_0.8_Sequence8552_Horizon_3_WindowSize_12_LSTM,71.2836335000029
Completeness_0.8_Sequence8552_Horizon_3_WindowSize_24_LSTM,105.973908999993
Completeness_0.8_Sequence8552_Horizon_3_WindowSize_48_LSTM,248.21652669999457
Completeness_0.8_Sequence8552_Horizon_3_WindowSize_96_LSTM,336.0174456000095
Completeness_0.8_Horizon_3_Overall,920.8722585999931
Completeness_0.8_Sequence8552_Horizon_6_WindowSize_1_Linear,68.87711190000118
Completeness_0.8_Sequence8552_Horizon_6_WindowSize_3_LSTM,42.92293040000368
Completeness_0.8_Sequence8552_Horizon_6_WindowSize_6_LSTM,49.4652175999945
Completeness_0.8_Sequence8552_Horizon_6_WindowSize_12_LSTM,72.35620710000512
Completeness_0.8_Sequence8552_Horizon_6_WindowSize_24_LSTM,103.22495619999245
Completeness_0.8_Sequence8552_Horizon_6_WindowSize_48_LSTM,173.59172519999265
Completeness_0.8_Sequence8552_Horizon_6_WindowSize_96_LSTM,414.98953339998843
Completeness_0.8_Horizon_6_Overall,925.440368800002
Completeness_0.8_Sequence8552_Horizon_12_WindowSize_1_Linear,60.97306119999848
Completeness_0.8_Sequence8552_Horizon_12_WindowSize_3_LSTM,37.61802120000357
Completeness_0.8_Sequence8552_Horizon_12_WindowSize_6_LSTM,44.57124049999402
Completeness_0.8_Sequence8552_Horizon_12_WindowSize_12_LSTM,64.20287969999481
Completeness_0.8_Sequence8552_Horizon_12_WindowSize_24_LSTM,95.2827011999907
Completeness_0.8_Sequence8552_Horizon_12_WindowSize_48_LSTM,160.73897120000038
Completeness_0.8_Sequence8552_Horizon_12_WindowSize_96_LSTM,427.45221299999685
Completeness_0.8_Horizon_12_Overall,890.8527157999924
Completeness_0.8_Sequence8552_Horizon_24_WindowSize_1_Linear,66.80321079998976
Completeness_0.8_Sequence8552_Horizon_24_WindowSize_3_LSTM,44.00610480000614
Completeness_0.8_Sequence8552_Horizon_24_WindowSize_6_LSTM,54.12924350000685
Completeness_0.8_Sequence8552_Horizon_24_WindowSize_12_LSTM,79.27083649999986
Completeness_0.8_Sequence8552_Horizon_24_WindowSize_24_LSTM,114.36129919999803
Completeness_0.8_Sequence8552_Horizon_24_WindowSize_48_LSTM,247.14800200000172
Completeness_0.8_Sequence8552_Horizon_24_WindowSize_96_LSTM,354.4333161000104
Completeness_0.8_Horizon_24_Overall,960.1672378999938
Completeness_0.8_Sequence10690_Horizon_1_WindowSize_1_Linear,69.69087270001182
Completeness_0.8_Sequence10690_Horizon_1_WindowSize_3_LSTM,45.2562040000048
Completeness_0.8_Sequence10690_Horizon_1_WindowSize_6_LSTM,53.24370500000077
Completeness_0.8_Sequence10690_Horizon_1_WindowSize_12_LSTM,79.24299969999993
Completeness_0.8_Sequence10690_Horizon_1_WindowSize_24_LSTM,120.27679039999202
Completeness_0.8_Sequence10690_Horizon_1_WindowSize_48_LSTM,186.86823999999615
Completeness_0.8_Sequence10690_Horizon_1_WindowSize_96_LSTM,400.5693808000069
Completeness_0.8_Horizon_1_Overall,955.1648936999991
Completeness_0.8_Sequence10690_Horizon_3_WindowSize_1_Linear,71.53923270000087
Completeness_0.8_Sequence10690_Horizon_3_WindowSize_3_LSTM,45.4502349000104
Completeness_0.8_Sequence10690_Horizon_3_WindowSize_6_LSTM,57.21566129999701
Completeness_0.8_Sequence10690_Horizon_3_WindowSize_12_LSTM,83.58723140000075
Completeness_0.8_Sequence10690_Horizon_3_WindowSize_24_LSTM,121.64249820000259
Completeness_0.8_Sequence10690_Horizon_3_WindowSize_48_LSTM,194.03969439999491
Completeness_0.8_Sequence10690_Horizon_3_WindowSize_96_LSTM,362.9180105000123
Completeness_0.8_Horizon_3_Overall,936.4076666000037
Completeness_0.8_Sequence10690_Horizon_6_WindowSize_1_Linear,71.33339590000105
Completeness_0.8_Sequence10690_Horizon_6_WindowSize_3_LSTM,47.580667000001995
Completeness_0.8_Sequence10690_Horizon_6_WindowSize_6_LSTM,57.21378259999619
Completeness_0.8_Sequence10690_Horizon_6_WindowSize_12_LSTM,82.80835719998868
Completeness_0.8_Sequence10690_Horizon_6_WindowSize_24_LSTM,118.85318540000299
Completeness_0.8_Sequence10690_Horizon_6_WindowSize_48_LSTM,235.58334110000578
Completeness_0.8_Sequence10690_Horizon_6_WindowSize_96_LSTM,321.255745699993
Completeness_0.8_Horizon_6_Overall,934.6443589999981
Completeness_0.8_Sequence10690_Horizon_12_WindowSize_1_Linear,64.6677725000045
Completeness_0.8_Sequence10690_Horizon_12_WindowSize_3_LSTM,40.10233769999468
Completeness_0.8_Sequence10690_Horizon_12_WindowSize_6_LSTM,50.0068481000053
Completeness_0.8_Sequence10690_Horizon_12_WindowSize_12_LSTM,75.94562620000215
Completeness_0.8_Sequence10690_Horizon_12_WindowSize_24_LSTM,107.63870149999275
Completeness_0.8_Sequence10690_Horizon_12_WindowSize_48_LSTM,208.34596359998977
Completeness_0.8_Sequence10690_Horizon_12_WindowSize_96_LSTM,290.1899657999893
Completeness_0.8_Horizon_12_Overall,836.912227199995
Completeness_0.8_Sequence10690_Horizon_24_WindowSize_1_Linear,64.69870960000844
Completeness_0.8_Sequence10690_Horizon_24_WindowSize_3_LSTM,40.30479290000221
Completeness_0.8_Sequence10690_Horizon_24_WindowSize_6_LSTM,49.504340300001786
Completeness_0.8_Sequence10690_Horizon_24_WindowSize_12_LSTM,72.58609250000154
Completeness_0.8_Sequence10690_Horizon_24_WindowSize_24_LSTM,104.88574789999984
Completeness_0.8_Sequence10690_Horizon_24_WindowSize_48_LSTM,196.31889450000017
Completeness_0.8_Sequence10690_Horizon_24_WindowSize_96_LSTM,304.4957970999967
Completeness_0.8_Horizon_24_Overall,832.8086012999993
