Completeness_1_Sequence216_Horizon_1_WindowSize_1_Linear,5.838118099985877
Completeness_1_Sequence216_Horizon_1_WindowSize_3_LSTM,3.8139550000196323
Completeness_1_Sequence216_Horizon_1_WindowSize_6_LSTM,4.1832427000044845
Completeness_1_Sequence216_Horizon_1_WindowSize_12_LSTM,4.585808800009545
Completeness_1_Sequence216_Horizon_1_WindowSize_24_LSTM,6.7670883999962825
Completeness_1_Sequence216_Horizon_1_WindowSize_48_LSTM,10.886693600012222
Completeness_1_Sequence216_Horizon_1_WindowSize_96_LSTM,11.546551300009014
Completeness_1_Horizon_1_Overall,47.63271249999525
Completeness_1_Sequence216_Horizon_3_WindowSize_1_Linear,5.682683499995619
Completeness_1_Sequence216_Horizon_3_WindowSize_3_LSTM,4.010424299980514
Completeness_1_Sequence216_Horizon_3_WindowSize_6_LSTM,4.472840700007509
Completeness_1_Sequence216_Horizon_3_WindowSize_12_LSTM,5.726153800002066
Completeness_1_Sequence216_Horizon_3_WindowSize_24_LSTM,7.462976200011326
Completeness_1_Sequence216_Horizon_3_WindowSize_48_LSTM,10.694589399994584
Completeness_1_Sequence216_Horizon_3_WindowSize_96_LSTM,14.209447100001853
Completeness_1_Horizon_3_Overall,52.28060599998571
Completeness_1_Sequence216_Horizon_6_WindowSize_1_Linear,6.07896049998817
Completeness_1_Sequence216_Horizon_6_WindowSize_3_LSTM,3.1884292000031564
Completeness_1_Sequence216_Horizon_6_WindowSize_6_LSTM,3.867104000004474
Completeness_1_Sequence216_Horizon_6_WindowSize_12_LSTM,5.2993262999807484
Completeness_1_Sequence216_Horizon_6_WindowSize_24_LSTM,7.864724600018235
Completeness_1_Sequence216_Horizon_6_WindowSize_48_LSTM,9.063707000022987
Completeness_1_Sequence216_Horizon_6_WindowSize_96_LSTM,11.613665400014725
Completeness_1_Horizon_6_Overall,46.98707989999093
Completeness_1_Sequence216_Horizon_12_WindowSize_1_Linear,5.652392499992857
Completeness_1_Sequence216_Horizon_12_WindowSize_3_LSTM,2.6802862000185996
Completeness_1_Sequence216_Horizon_12_WindowSize_6_LSTM,3.7656904000032227
Completeness_1_Sequence216_Horizon_12_WindowSize_12_LSTM,4.267971799999941
Completeness_1_Sequence216_Horizon_12_WindowSize_24_LSTM,6.04078449998633
Completeness_1_Sequence216_Horizon_12_WindowSize_48_LSTM,8.722770499996841
Completeness_1_Sequence216_Horizon_12_WindowSize_96_LSTM,10.551117299997713
Completeness_1_Horizon_12_Overall,41.69838170000003
Completeness_1_Sequence216_Horizon_24_WindowSize_1_Linear,5.223963600001298
Completeness_1_Sequence216_Horizon_24_WindowSize_3_LSTM,2.812573800008977
Completeness_1_Sequence216_Horizon_24_WindowSize_6_LSTM,3.0493989000096917
Completeness_1_Sequence216_Horizon_24_WindowSize_12_LSTM,3.880418999993708
Completeness_1_Sequence216_Horizon_24_WindowSize_24_LSTM,12.237265500007197
Completeness_1_Sequence216_Horizon_24_WindowSize_48_LSTM,10.633249400008935
Completeness_1_Sequence216_Horizon_24_WindowSize_96_LSTM,15.035931299993536
Completeness_1_Horizon_24_Overall,52.883306500007166
Completeness_1_Sequence432_Horizon_1_WindowSize_1_Linear,6.794607499992708
Completeness_1_Sequence432_Horizon_1_WindowSize_3_LSTM,3.4636248000024352
Completeness_1_Sequence432_Horizon_1_WindowSize_6_LSTM,3.8755474999779835
Completeness_1_Sequence432_Horizon_1_WindowSize_12_LSTM,4.760986999986926
Completeness_1_Sequence432_Horizon_1_WindowSize_24_LSTM,6.838904399977764
Completeness_1_Sequence432_Horizon_1_WindowSize_48_LSTM,9.971784199995454
Completeness_1_Sequence432_Horizon_1_WindowSize_96_LSTM,12.405638199998066
Completeness_1_Horizon_1_Overall,48.12232510000467
Completeness_1_Sequence432_Horizon_3_WindowSize_1_Linear,6.501234800001839
Completeness_1_Sequence432_Horizon_3_WindowSize_3_LSTM,3.5102805999922566
Completeness_1_Sequence432_Horizon_3_WindowSize_6_LSTM,3.7782398000126705
Completeness_1_Sequence432_Horizon_3_WindowSize_12_LSTM,4.945590599993011
Completeness_1_Sequence432_Horizon_3_WindowSize_24_LSTM,7.465574600006221
Completeness_1_Sequence432_Horizon_3_WindowSize_48_LSTM,10.140186699980404
Completeness_1_Sequence432_Horizon_3_WindowSize_96_LSTM,12.853623200004222
Completeness_1_Horizon_3_Overall,49.20497210000758
Completeness_1_Sequence432_Horizon_6_WindowSize_1_Linear,6.358601100015221
Completeness_1_Sequence432_Horizon_6_WindowSize_3_LSTM,2.8569598000030965
Completeness_1_Sequence432_Horizon_6_WindowSize_6_LSTM,3.3470535000087693
Completeness_1_Sequence432_Horizon_6_WindowSize_12_LSTM,5.157959500007564
Completeness_1_Sequence432_Horizon_6_WindowSize_24_LSTM,7.3784373000089545
Completeness_1_Sequence432_Horizon_6_WindowSize_48_LSTM,9.581586499989498
Completeness_1_Sequence432_Horizon_6_WindowSize_96_LSTM,13.881533799984027
Completeness_1_Horizon_6_Overall,48.57293500000378
Completeness_1_Sequence432_Horizon_12_WindowSize_1_Linear,6.0002961000136565
Completeness_1_Sequence432_Horizon_12_WindowSize_3_LSTM,3.5368620000081137
Completeness_1_Sequence432_Horizon_12_WindowSize_6_LSTM,4.417769799998496
Completeness_1_Sequence432_Horizon_12_WindowSize_12_LSTM,4.937545300024794
Completeness_1_Sequence432_Horizon_12_WindowSize_24_LSTM,6.78277610000805
Completeness_1_Sequence432_Horizon_12_WindowSize_48_LSTM,10.928303000022424
Completeness_1_Sequence432_Horizon_12_WindowSize_96_LSTM,11.949420799996005
Completeness_1_Horizon_12_Overall,48.564863499981584
Completeness_1_Sequence432_Horizon_24_WindowSize_1_Linear,6.056915299996035
Completeness_1_Sequence432_Horizon_24_WindowSize_3_LSTM,2.898882000008598
Completeness_1_Sequence432_Horizon_24_WindowSize_6_LSTM,4.67267170001287
Completeness_1_Sequence432_Horizon_24_WindowSize_12_LSTM,5.21727729999111
Completeness_1_Sequence432_Horizon_24_WindowSize_24_LSTM,7.404495199996745
Completeness_1_Sequence432_Horizon_24_WindowSize_48_LSTM,8.813838000001851
Completeness_1_Sequence432_Horizon_24_WindowSize_96_LSTM,11.787942399998428
Completeness_1_Horizon_24_Overall,46.86446729997988
Completeness_1_Sequence648_Horizon_1_WindowSize_1_Linear,7.051444799988531
Completeness_1_Sequence648_Horizon_1_WindowSize_3_LSTM,3.5915345000103116
Completeness_1_Sequence648_Horizon_1_WindowSize_6_LSTM,3.8455482000135817
Completeness_1_Sequence648_Horizon_1_WindowSize_12_LSTM,5.249881800002186
Completeness_1_Sequence648_Horizon_1_WindowSize_24_LSTM,7.795704799995292
Completeness_1_Sequence648_Horizon_1_WindowSize_48_LSTM,9.492474399972707
Completeness_1_Sequence648_Horizon_1_WindowSize_96_LSTM,11.86206049998873
Completeness_1_Horizon_1_Overall,48.90034399999422
Completeness_1_Sequence648_Horizon_3_WindowSize_1_Linear,5.595948400005
Completeness_1_Sequence648_Horizon_3_WindowSize_3_LSTM,3.1312214999925345
Completeness_1_Sequence648_Horizon_3_WindowSize_6_LSTM,3.2998716000001878
Completeness_1_Sequence648_Horizon_3_WindowSize_12_LSTM,4.733095500007039
Completeness_1_Sequence648_Horizon_3_WindowSize_24_LSTM,6.583369400002994
Completeness_1_Sequence648_Horizon_3_WindowSize_48_LSTM,9.83601249998901
Completeness_1_Sequence648_Horizon_3_WindowSize_96_LSTM,13.387682400003541
Completeness_1_Horizon_3_Overall,46.57985730000655
Completeness_1_Sequence648_Horizon_6_WindowSize_1_Linear,6.822229999990668
Completeness_1_Sequence648_Horizon_6_WindowSize_3_LSTM,2.8784771999926306
Completeness_1_Sequence648_Horizon_6_WindowSize_6_LSTM,3.4625096999807283
Completeness_1_Sequence648_Horizon_6_WindowSize_12_LSTM,4.579837400000542
Completeness_1_Sequence648_Horizon_6_WindowSize_24_LSTM,6.817481299978681
Completeness_1_Sequence648_Horizon_6_WindowSize_48_LSTM,12.257976599998074
Completeness_1_Sequence648_Horizon_6_WindowSize_96_LSTM,13.021116999996593
Completeness_1_Horizon_6_Overall,49.851204800012056
Completeness_1_Sequence648_Horizon_12_WindowSize_1_Linear,5.943101500015473
Completeness_1_Sequence648_Horizon_12_WindowSize_3_LSTM,2.960266899986891
Completeness_1_Sequence648_Horizon_12_WindowSize_6_LSTM,3.178662999998778
Completeness_1_Sequence648_Horizon_12_WindowSize_12_LSTM,4.901526500005275
Completeness_1_Sequence648_Horizon_12_WindowSize_24_LSTM,7.242315799987409
Completeness_1_Sequence648_Horizon_12_WindowSize_48_LSTM,9.987569899996743
Completeness_1_Sequence648_Horizon_12_WindowSize_96_LSTM,11.097942699998384
Completeness_1_Horizon_12_Overall,45.32285869997577
Completeness_1_Sequence648_Horizon_24_WindowSize_1_Linear,5.3896665000065695
Completeness_1_Sequence648_Horizon_24_WindowSize_3_LSTM,3.0245900999871083
Completeness_1_Sequence648_Horizon_24_WindowSize_6_LSTM,3.977251600008458
Completeness_1_Sequence648_Horizon_24_WindowSize_12_LSTM,3.885278199973982
Completeness_1_Sequence648_Horizon_24_WindowSize_24_LSTM,8.277330100012477
Completeness_1_Sequence648_Horizon_24_WindowSize_48_LSTM,9.227282799984096
Completeness_1_Sequence648_Horizon_24_WindowSize_96_LSTM,10.794875699997647
Completeness_1_Horizon_24_Overall,44.587174100015545
Completeness_1_Sequence864_Horizon_1_WindowSize_1_Linear,6.54084229998989
Completeness_1_Sequence864_Horizon_1_WindowSize_3_LSTM,3.1570422000077087
Completeness_1_Sequence864_Horizon_1_WindowSize_6_LSTM,4.022176300000865
Completeness_1_Sequence864_Horizon_1_WindowSize_12_LSTM,5.554295200010529
Completeness_1_Sequence864_Horizon_1_WindowSize_24_LSTM,6.981910200003767
Completeness_1_Sequence864_Horizon_1_WindowSize_48_LSTM,9.413232500024606
Completeness_1_Sequence864_Horizon_1_WindowSize_96_LSTM,12.01927339998656
Completeness_1_Horizon_1_Overall,47.699786000011954
Completeness_1_Sequence864_Horizon_3_WindowSize_1_Linear,6.0982322999916505
Completeness_1_Sequence864_Horizon_3_WindowSize_3_LSTM,3.228257200011285
Completeness_1_Sequence864_Horizon_3_WindowSize_6_LSTM,3.7970350999967195
Completeness_1_Sequence864_Horizon_3_WindowSize_12_LSTM,4.524429700017208
Completeness_1_Sequence864_Horizon_3_WindowSize_24_LSTM,6.759037799987709
Completeness_1_Sequence864_Horizon_3_WindowSize_48_LSTM,9.970068700000411
Completeness_1_Sequence864_Horizon_3_WindowSize_96_LSTM,12.217094400024507
Completeness_1_Horizon_3_Overall,46.60576720000245
Completeness_1_Sequence864_Horizon_6_WindowSize_1_Linear,6.833866899978602
Completeness_1_Sequence864_Horizon_6_WindowSize_3_LSTM,4.390385000006063
Completeness_1_Sequence864_Horizon_6_WindowSize_6_LSTM,3.5785500000056345
Completeness_1_Sequence864_Horizon_6_WindowSize_12_LSTM,4.757821499981219
Completeness_1_Sequence864_Horizon_6_WindowSize_24_LSTM,6.69290500000352
Completeness_1_Sequence864_Horizon_6_WindowSize_48_LSTM,9.642420199990738
Completeness_1_Sequence864_Horizon_6_WindowSize_96_LSTM,12.463958800013643
Completeness_1_Horizon_6_Overall,48.3705229999905
Completeness_1_Sequence864_Horizon_12_WindowSize_1_Linear,5.460682900011307
Completeness_1_Sequence864_Horizon_12_WindowSize_3_LSTM,2.869600099977106
Completeness_1_Sequence864_Horizon_12_WindowSize_6_LSTM,3.151467700023204
Completeness_1_Sequence864_Horizon_12_WindowSize_12_LSTM,4.855836500006262
Completeness_1_Sequence864_Horizon_12_WindowSize_24_LSTM,6.33636290000868
Completeness_1_Sequence864_Horizon_12_WindowSize_48_LSTM,9.987396300013643
Completeness_1_Sequence864_Horizon_12_WindowSize_96_LSTM,12.284092899993993
Completeness_1_Horizon_12_Overall,44.956838700018125
Completeness_1_Sequence864_Horizon_24_WindowSize_1_Linear,5.558032000000821
Completeness_1_Sequence864_Horizon_24_WindowSize_3_LSTM,2.821039100002963
Completeness_1_Sequence864_Horizon_24_WindowSize_6_LSTM,3.8234982000140008
Completeness_1_Sequence864_Horizon_24_WindowSize_12_LSTM,4.155414400011068
Completeness_1_Sequence864_Horizon_24_WindowSize_24_LSTM,6.749417100014398
Completeness_1_Sequence864_Horizon_24_WindowSize_48_LSTM,9.997856500005582
Completeness_1_Sequence864_Horizon_24_WindowSize_96_LSTM,14.131934300006833
Completeness_1_Horizon_24_Overall,47.24820300002466
Completeness_0.98_Sequence694_Horizon_1_WindowSize_1_Linear,19.163472799991723
Completeness_0.98_Sequence694_Horizon_1_WindowSize_3_LSTM,10.095986500004074
Completeness_0.98_Sequence694_Horizon_1_WindowSize_6_LSTM,12.443715999979759
Completeness_0.98_Sequence694_Horizon_1_WindowSize_12_LSTM,16.17033090000041
Completeness_0.98_Sequence694_Horizon_1_WindowSize_24_LSTM,24.404685099987546
Completeness_0.98_Sequence694_Horizon_1_WindowSize_48_LSTM,39.252393700007815
Completeness_0.98_Sequence694_Horizon_1_WindowSize_96_LSTM,64.51871920001577
Completeness_0.98_Horizon_1_Overall,186.0593896000064
Completeness_0.98_Sequence694_Horizon_3_WindowSize_1_Linear,18.32299040001817
Completeness_0.98_Sequence694_Horizon_3_WindowSize_3_LSTM,10.21197580001899
Completeness_0.98_Sequence694_Horizon_3_WindowSize_6_LSTM,11.899740499997279
Completeness_0.98_Sequence694_Horizon_3_WindowSize_12_LSTM,17.901191499986453
Completeness_0.98_Sequence694_Horizon_3_WindowSize_24_LSTM,22.970901599997887
Completeness_0.98_Sequence694_Horizon_3_WindowSize_48_LSTM,36.22210919999634
Completeness_0.98_Sequence694_Horizon_3_WindowSize_96_LSTM,59.16179370001191
Completeness_0.98_Horizon_3_Overall,176.70171839999966
Completeness_0.98_Sequence694_Horizon_6_WindowSize_1_Linear,17.27121650002664
Completeness_0.98_Sequence694_Horizon_6_WindowSize_3_LSTM,8.906844499986619
Completeness_0.98_Sequence694_Horizon_6_WindowSize_6_LSTM,10.854167100013001
Completeness_0.98_Sequence694_Horizon_6_WindowSize_12_LSTM,15.242028899985598
Completeness_0.98_Sequence694_Horizon_6_WindowSize_24_LSTM,23.750305900000967
Completeness_0.98_Sequence694_Horizon_6_WindowSize_48_LSTM,34.862685000000056
Completeness_0.98_Sequence694_Horizon_6_WindowSize_96_LSTM,59.0053039000195
Completeness_0.98_Horizon_6_Overall,169.90253069999744
Completeness_0.98_Sequence694_Horizon_12_WindowSize_1_Linear,18.451874399994267
Completeness_0.98_Sequence694_Horizon_12_WindowSize_3_LSTM,10.527845400007209
Completeness_0.98_Sequence694_Horizon_12_WindowSize_6_LSTM,12.097621599998092
Completeness_0.98_Sequence694_Horizon_12_WindowSize_12_LSTM,15.946077500004321
Completeness_0.98_Sequence694_Horizon_12_WindowSize_24_LSTM,22.067660700005945
Completeness_0.98_Sequence694_Horizon_12_WindowSize_48_LSTM,34.84865100000752
Completeness_0.98_Sequence694_Horizon_12_WindowSize_96_LSTM,57.05716339999344
Completeness_0.98_Horizon_12_Overall,171.006932600023
Completeness_0.98_Sequence694_Horizon_24_WindowSize_1_Linear,16.697587400005432
Completeness_0.98_Sequence694_Horizon_24_WindowSize_3_LSTM,8.66473760001827
Completeness_0.98_Sequence694_Horizon_24_WindowSize_6_LSTM,10.57526000001235
Completeness_0.98_Sequence694_Horizon_24_WindowSize_12_LSTM,14.220132300019031
Completeness_0.98_Sequence694_Horizon_24_WindowSize_24_LSTM,21.131527799996547
Completeness_0.98_Sequence694_Horizon_24_WindowSize_48_LSTM,33.9966569999815
Completeness_0.98_Sequence694_Horizon_24_WindowSize_96_LSTM,55.76741260002018
Completeness_0.98_Horizon_24_Overall,161.0637398000108
Completeness_0.98_Sequence1388_Horizon_1_WindowSize_1_Linear,17.046077999984846
Completeness_0.98_Sequence1388_Horizon_1_WindowSize_3_LSTM,9.689790500007803
Completeness_0.98_Sequence1388_Horizon_1_WindowSize_6_LSTM,11.911518800014164
Completeness_0.98_Sequence1388_Horizon_1_WindowSize_12_LSTM,15.781223199999658
Completeness_0.98_Sequence1388_Horizon_1_WindowSize_24_LSTM,24.4140981999808
Completeness_0.98_Sequence1388_Horizon_1_WindowSize_48_LSTM,39.12760510001681
Completeness_0.98_Sequence1388_Horizon_1_WindowSize_96_LSTM,61.8085688999854
Completeness_0.98_Horizon_1_Overall,179.7884206000017
Completeness_0.98_Sequence1388_Horizon_3_WindowSize_1_Linear,17.618616299994756
Completeness_0.98_Sequence1388_Horizon_3_WindowSize_3_LSTM,9.828982399980305
Completeness_0.98_Sequence1388_Horizon_3_WindowSize_6_LSTM,11.709374700003536
Completeness_0.98_Sequence1388_Horizon_3_WindowSize_12_LSTM,15.892943199985893
Completeness_0.98_Sequence1388_Horizon_3_WindowSize_24_LSTM,23.39255480002612
Completeness_0.98_Sequence1388_Horizon_3_WindowSize_48_LSTM,37.34910520000267
Completeness_0.98_Sequence1388_Horizon_3_WindowSize_96_LSTM,61.63097620001645
Completeness_0.98_Horizon_3_Overall,177.43204479999258
Completeness_0.98_Sequence1388_Horizon_6_WindowSize_1_Linear,17.66414919999079
Completeness_0.98_Sequence1388_Horizon_6_WindowSize_3_LSTM,9.876178199978312
Completeness_0.98_Sequence1388_Horizon_6_WindowSize_6_LSTM,12.089039699989371
Completeness_0.98_Sequence1388_Horizon_6_WindowSize_12_LSTM,18.242522800021106
Completeness_0.98_Sequence1388_Horizon_6_WindowSize_24_LSTM,33.620713100011926
Completeness_0.98_Sequence1388_Horizon_6_WindowSize_48_LSTM,61.57426259998465
Completeness_0.98_Sequence1388_Horizon_6_WindowSize_96_LSTM,76.11752550001256
Completeness_0.98_Horizon_6_Overall,229.19569839999895
Completeness_0.98_Sequence1388_Horizon_12_WindowSize_1_Linear,25.02708969998639
Completeness_0.98_Sequence1388_Horizon_12_WindowSize_3_LSTM,10.73512130000745
Completeness_0.98_Sequence1388_Horizon_12_WindowSize_6_LSTM,13.971392200008268
Completeness_0.98_Sequence1388_Horizon_12_WindowSize_12_LSTM,17.37608879999607
Completeness_0.98_Sequence1388_Horizon_12_WindowSize_24_LSTM,29.04626490001101
Completeness_0.98_Sequence1388_Horizon_12_WindowSize_48_LSTM,44.15145050000865
Completeness_0.98_Sequence1388_Horizon_12_WindowSize_96_LSTM,65.77295780001441
Completeness_0.98_Horizon_12_Overall,206.0925014000095
Completeness_0.98_Sequence1388_Horizon_24_WindowSize_1_Linear,18.906105200003367
Completeness_0.98_Sequence1388_Horizon_24_WindowSize_3_LSTM,10.922126499994192
Completeness_0.98_Sequence1388_Horizon_24_WindowSize_6_LSTM,13.867845599976135
Completeness_0.98_Sequence1388_Horizon_24_WindowSize_12_LSTM,18.57257230000687
Completeness_0.98_Sequence1388_Horizon_24_WindowSize_24_LSTM,26.644924699998228
Completeness_0.98_Sequence1388_Horizon_24_WindowSize_48_LSTM,42.120173500006786
Completeness_0.98_Sequence1388_Horizon_24_WindowSize_96_LSTM,72.49217139999382
Completeness_0.98_Horizon_24_Overall,203.5384011999995
Completeness_0.98_Sequence2082_Horizon_1_WindowSize_1_Linear,20.71882939999341
Completeness_0.98_Sequence2082_Horizon_1_WindowSize_3_LSTM,10.724617100000614
Completeness_0.98_Sequence2082_Horizon_1_WindowSize_6_LSTM,12.946979600004852
Completeness_0.98_Sequence2082_Horizon_1_WindowSize_12_LSTM,16.370229899999686
Completeness_0.98_Sequence2082_Horizon_1_WindowSize_24_LSTM,26.576539200003026
Completeness_0.98_Sequence2082_Horizon_1_WindowSize_48_LSTM,42.48962750000646
Completeness_0.98_Sequence2082_Horizon_1_WindowSize_96_LSTM,64.75922579999315
Completeness_0.98_Horizon_1_Overall,194.5964771999861
Completeness_0.98_Sequence2082_Horizon_3_WindowSize_1_Linear,18.322404699982144
Completeness_0.98_Sequence2082_Horizon_3_WindowSize_3_LSTM,10.408864800003357
Completeness_0.98_Sequence2082_Horizon_3_WindowSize_6_LSTM,12.670699000009336
Completeness_0.98_Sequence2082_Horizon_3_WindowSize_12_LSTM,16.786115599999903
Completeness_0.98_Sequence2082_Horizon_3_WindowSize_24_LSTM,25.383109499991406
Completeness_0.98_Sequence2082_Horizon_3_WindowSize_48_LSTM,38.52047200000379
Completeness_0.98_Sequence2082_Horizon_3_WindowSize_96_LSTM,63.56067350000376
Completeness_0.98_Horizon_3_Overall,185.66473369998857
Completeness_0.98_Sequence2082_Horizon_6_WindowSize_1_Linear,18.165969000023324
Completeness_0.98_Sequence2082_Horizon_6_WindowSize_3_LSTM,10.267518800013931
Completeness_0.98_Sequence2082_Horizon_6_WindowSize_6_LSTM,12.688810500025284
Completeness_0.98_Sequence2082_Horizon_6_WindowSize_12_LSTM,16.329161899979226
Completeness_0.98_Sequence2082_Horizon_6_WindowSize_24_LSTM,23.89619160001166
Completeness_0.98_Sequence2082_Horizon_6_WindowSize_48_LSTM,37.64072289998876
Completeness_0.98_Sequence2082_Horizon_6_WindowSize_96_LSTM,64.25002889998723
Completeness_0.98_Horizon_6_Overall,183.25046509999083
Completeness_0.98_Sequence2082_Horizon_12_WindowSize_1_Linear,18.66630779998377
Completeness_0.98_Sequence2082_Horizon_12_WindowSize_3_LSTM,10.170210200012662
Completeness_0.98_Sequence2082_Horizon_12_WindowSize_6_LSTM,12.185989899997367
Completeness_0.98_Sequence2082_Horizon_12_WindowSize_12_LSTM,15.42096109999693
Completeness_0.98_Sequence2082_Horizon_12_WindowSize_24_LSTM,24.068266300018877
Completeness_0.98_Sequence2082_Horizon_12_WindowSize_48_LSTM,55.34459210000932
Completeness_0.98_Sequence2082_Horizon_12_WindowSize_96_LSTM,63.55860469999607
Completeness_0.98_Horizon_12_Overall,199.42532359997858
Completeness_0.98_Sequence2082_Horizon_24_WindowSize_1_Linear,18.005423399998108
Completeness_0.98_Sequence2082_Horizon_24_WindowSize_3_LSTM,10.479738800000632
Completeness_0.98_Sequence2082_Horizon_24_WindowSize_6_LSTM,11.516041700000642
Completeness_0.98_Sequence2082_Horizon_24_WindowSize_12_LSTM,15.240963599993847
Completeness_0.98_Sequence2082_Horizon_24_WindowSize_24_LSTM,24.486788899987005
Completeness_0.98_Sequence2082_Horizon_24_WindowSize_48_LSTM,41.35390659997938
Completeness_0.98_Sequence2082_Horizon_24_WindowSize_96_LSTM,94.78113810002105
Completeness_0.98_Horizon_24_Overall,215.87549370000488
Completeness_0.98_Sequence2776_Horizon_1_WindowSize_1_Linear,18.360296099999687
Completeness_0.98_Sequence2776_Horizon_1_WindowSize_3_LSTM,10.328890100005083
Completeness_0.98_Sequence2776_Horizon_1_WindowSize_6_LSTM,12.899484599998686
Completeness_0.98_Sequence2776_Horizon_1_WindowSize_12_LSTM,16.370928999996977
Completeness_0.98_Sequence2776_Horizon_1_WindowSize_24_LSTM,25.578847199998563
Completeness_0.98_Sequence2776_Horizon_1_WindowSize_48_LSTM,38.41136849997565
Completeness_0.98_Sequence2776_Horizon_1_WindowSize_96_LSTM,65.88203659999999
Completeness_0.98_Horizon_1_Overall,187.8448263000173
Completeness_0.98_Sequence2776_Horizon_3_WindowSize_1_Linear,18.31511229998432
Completeness_0.98_Sequence2776_Horizon_3_WindowSize_3_LSTM,10.375825299997814
Completeness_0.98_Sequence2776_Horizon_3_WindowSize_6_LSTM,13.195150499988813
Completeness_0.98_Sequence2776_Horizon_3_WindowSize_12_LSTM,16.029052800004138
Completeness_0.98_Sequence2776_Horizon_3_WindowSize_24_LSTM,24.10740320000332
Completeness_0.98_Sequence2776_Horizon_3_WindowSize_48_LSTM,40.00252039998304
Completeness_0.98_Sequence2776_Horizon_3_WindowSize_96_LSTM,63.80519990000175
Completeness_0.98_Horizon_3_Overall,185.84243160000187
Completeness_0.98_Sequence2776_Horizon_6_WindowSize_1_Linear,18.7090443999914
Completeness_0.98_Sequence2776_Horizon_6_WindowSize_3_LSTM,10.456651299988152
Completeness_0.98_Sequence2776_Horizon_6_WindowSize_6_LSTM,14.578773499990348
Completeness_0.98_Sequence2776_Horizon_6_WindowSize_12_LSTM,15.442433700023685
Completeness_0.98_Sequence2776_Horizon_6_WindowSize_24_LSTM,23.336955400009174
Completeness_0.98_Sequence2776_Horizon_6_WindowSize_48_LSTM,37.20912070001941
Completeness_0.98_Sequence2776_Horizon_6_WindowSize_96_LSTM,76.41921249998268
Completeness_0.98_Horizon_6_Overall,196.16191759999492
Completeness_0.98_Sequence2776_Horizon_12_WindowSize_1_Linear,18.75537080000504
Completeness_0.98_Sequence2776_Horizon_12_WindowSize_3_LSTM,9.384217499988154
Completeness_0.98_Sequence2776_Horizon_12_WindowSize_6_LSTM,12.520446899987292
Completeness_0.98_Sequence2776_Horizon_12_WindowSize_12_LSTM,16.95817130000796
Completeness_0.98_Sequence2776_Horizon_12_WindowSize_24_LSTM,29.89454510001815
Completeness_0.98_Sequence2776_Horizon_12_WindowSize_48_LSTM,42.39890259999083
Completeness_0.98_Sequence2776_Horizon_12_WindowSize_96_LSTM,64.36994269999559
Completeness_0.98_Horizon_12_Overall,194.29454939998686
Completeness_0.98_Sequence2776_Horizon_24_WindowSize_1_Linear,19.592019899981096
Completeness_0.98_Sequence2776_Horizon_24_WindowSize_3_LSTM,10.278377999988152
Completeness_0.98_Sequence2776_Horizon_24_WindowSize_6_LSTM,11.35315820001415
Completeness_0.98_Sequence2776_Horizon_24_WindowSize_12_LSTM,15.91825560000143
Completeness_0.98_Sequence2776_Horizon_24_WindowSize_24_LSTM,23.307547600008547
Completeness_0.98_Sequence2776_Horizon_24_WindowSize_48_LSTM,38.37476469998364
Completeness_0.98_Sequence2776_Horizon_24_WindowSize_96_LSTM,76.45325449999655
Completeness_0.98_Horizon_24_Overall,195.29052109998884
Completeness_0.98_Sequence3470_Horizon_1_WindowSize_1_Linear,18.61960039997939
Completeness_0.98_Sequence3470_Horizon_1_WindowSize_3_LSTM,10.358284499990987
Completeness_0.98_Sequence3470_Horizon_1_WindowSize_6_LSTM,13.183623599994462
Completeness_0.98_Sequence3470_Horizon_1_WindowSize_12_LSTM,18.533698600018397
Completeness_0.98_Sequence3470_Horizon_1_WindowSize_24_LSTM,25.860808800003724
Completeness_0.98_Sequence3470_Horizon_1_WindowSize_48_LSTM,46.35712040000362
Completeness_0.98_Sequence3470_Horizon_1_WindowSize_96_LSTM,76.67779450002126
Completeness_0.98_Horizon_1_Overall,209.60153749998426
Completeness_0.98_Sequence3470_Horizon_3_WindowSize_1_Linear,23.013362900004722
Completeness_0.98_Sequence3470_Horizon_3_WindowSize_3_LSTM,11.705795399990166
Completeness_0.98_Sequence3470_Horizon_3_WindowSize_6_LSTM,15.19397300001583
Completeness_0.98_Sequence3470_Horizon_3_WindowSize_12_LSTM,19.380240800004685
Completeness_0.98_Sequence3470_Horizon_3_WindowSize_24_LSTM,27.926310499984538
Completeness_0.98_Sequence3470_Horizon_3_WindowSize_48_LSTM,45.14930359998834
Completeness_0.98_Sequence3470_Horizon_3_WindowSize_96_LSTM,65.39695779999602
Completeness_0.98_Horizon_3_Overall,207.7779484000057
Completeness_0.98_Sequence3470_Horizon_6_WindowSize_1_Linear,19.62308240000857
Completeness_0.98_Sequence3470_Horizon_6_WindowSize_3_LSTM,9.537299400020856
Completeness_0.98_Sequence3470_Horizon_6_WindowSize_6_LSTM,11.958036600000923
Completeness_0.98_Sequence3470_Horizon_6_WindowSize_12_LSTM,16.766207399981795
Completeness_0.98_Sequence3470_Horizon_6_WindowSize_24_LSTM,25.584135899989633
Completeness_0.98_Sequence3470_Horizon_6_WindowSize_48_LSTM,38.18925009999657
Completeness_0.98_Sequence3470_Horizon_6_WindowSize_96_LSTM,64.27209010001388
Completeness_0.98_Horizon_6_Overall,185.94084450000082
Completeness_0.98_Sequence3470_Horizon_12_WindowSize_1_Linear,19.121767700009514
Completeness_0.98_Sequence3470_Horizon_12_WindowSize_3_LSTM,9.666819400008535
Completeness_0.98_Sequence3470_Horizon_12_WindowSize_6_LSTM,12.24779990001116
Completeness_0.98_Sequence3470_Horizon_12_WindowSize_12_LSTM,16.185126900003524
Completeness_0.98_Sequence3470_Horizon_12_WindowSize_24_LSTM,23.529428099980578
Completeness_0.98_Sequence3470_Horizon_12_WindowSize_48_LSTM,37.11890840000706
Completeness_0.98_Sequence3470_Horizon_12_WindowSize_96_LSTM,61.62519219997921
Completeness_0.98_Horizon_12_Overall,179.50601040001493
Completeness_0.98_Sequence3470_Horizon_24_WindowSize_1_Linear,18.616628999996465
Completeness_0.98_Sequence3470_Horizon_24_WindowSize_3_LSTM,9.818443700001808
Completeness_0.98_Sequence3470_Horizon_24_WindowSize_6_LSTM,11.642431899992516
Completeness_0.98_Sequence3470_Horizon_24_WindowSize_12_LSTM,16.511197999992874
Completeness_0.98_Sequence3470_Horizon_24_WindowSize_24_LSTM,22.9046313999861
Completeness_0.98_Sequence3470_Horizon_24_WindowSize_48_LSTM,36.08824930002447
Completeness_0.98_Sequence3470_Horizon_24_WindowSize_96_LSTM,58.90302369999699
Completeness_0.98_Horizon_24_Overall,174.4960265000118
Completeness_0.96_Sequence1288_Horizon_1_WindowSize_1_Linear,45.40954449999845
Completeness_0.96_Sequence1288_Horizon_1_WindowSize_3_LSTM,20.49545560000115
Completeness_0.96_Sequence1288_Horizon_1_WindowSize_6_LSTM,24.390622300008545
Completeness_0.96_Sequence1288_Horizon_1_WindowSize_12_LSTM,39.107603299984476
Completeness_0.96_Sequence1288_Horizon_1_WindowSize_24_LSTM,56.523727799998596
Completeness_0.96_Sequence1288_Horizon_1_WindowSize_48_LSTM,79.87852090000524
Completeness_0.96_Sequence1288_Horizon_1_WindowSize_96_LSTM,128.67583700001705
Completeness_0.96_Horizon_1_Overall,394.4954946000071
Completeness_0.96_Sequence1288_Horizon_3_WindowSize_1_Linear,35.865904100006446
Completeness_0.96_Sequence1288_Horizon_3_WindowSize_3_LSTM,18.770869799976936
Completeness_0.96_Sequence1288_Horizon_3_WindowSize_6_LSTM,22.320256300008623
Completeness_0.96_Sequence1288_Horizon_3_WindowSize_12_LSTM,34.465509600006044
Completeness_0.96_Sequence1288_Horizon_3_WindowSize_24_LSTM,47.101855099987006
Completeness_0.96_Sequence1288_Horizon_3_WindowSize_48_LSTM,88.12277750001522
Completeness_0.96_Sequence1288_Horizon_3_WindowSize_96_LSTM,125.3405705000041
Completeness_0.96_Horizon_3_Overall,371.99963969999226
Completeness_0.96_Sequence1288_Horizon_6_WindowSize_1_Linear,35.138335099996766
Completeness_0.96_Sequence1288_Horizon_6_WindowSize_3_LSTM,17.501067600009264
Completeness_0.96_Sequence1288_Horizon_6_WindowSize_6_LSTM,21.632753400015645
Completeness_0.96_Sequence1288_Horizon_6_WindowSize_12_LSTM,28.602213699981803
Completeness_0.96_Sequence1288_Horizon_6_WindowSize_24_LSTM,43.68409430002794
Completeness_0.96_Sequence1288_Horizon_6_WindowSize_48_LSTM,73.93285679997643
Completeness_0.96_Sequence1288_Horizon_6_WindowSize_96_LSTM,132.21016329998383
Completeness_0.96_Horizon_6_Overall,352.7128276999865
Completeness_0.96_Sequence1288_Horizon_12_WindowSize_1_Linear,37.146029700001236
Completeness_0.96_Sequence1288_Horizon_12_WindowSize_3_LSTM,19.717335499997716
Completeness_0.96_Sequence1288_Horizon_12_WindowSize_6_LSTM,23.286067199980607
Completeness_0.96_Sequence1288_Horizon_12_WindowSize_12_LSTM,30.663465699995868
Completeness_0.96_Sequence1288_Horizon_12_WindowSize_24_LSTM,48.07905969998683
Completeness_0.96_Sequence1288_Horizon_12_WindowSize_48_LSTM,87.48864679998951
Completeness_0.96_Sequence1288_Horizon_12_WindowSize_96_LSTM,151.8352459000016
Completeness_0.96_Horizon_12_Overall,398.2259536999918
Completeness_0.96_Sequence1288_Horizon_24_WindowSize_1_Linear,32.90788400001475
Completeness_0.96_Sequence1288_Horizon_24_WindowSize_3_LSTM,16.352648500003852
Completeness_0.96_Sequence1288_Horizon_24_WindowSize_6_LSTM,20.876971299992874
Completeness_0.96_Sequence1288_Horizon_24_WindowSize_12_LSTM,27.43793949999963
Completeness_0.96_Sequence1288_Horizon_24_WindowSize_24_LSTM,40.696197999990545
Completeness_0.96_Sequence1288_Horizon_24_WindowSize_48_LSTM,66.60166990000289
Completeness_0.96_Sequence1288_Horizon_24_WindowSize_96_LSTM,121.7071667999844
Completeness_0.96_Horizon_24_Overall,326.5909853000194
Completeness_0.96_Sequence2576_Horizon_1_WindowSize_1_Linear,32.57764339999994
Completeness_0.96_Sequence2576_Horizon_1_WindowSize_3_LSTM,16.98725619999459
Completeness_0.96_Sequence2576_Horizon_1_WindowSize_6_LSTM,19.89252990001114
Completeness_0.96_Sequence2576_Horizon_1_WindowSize_12_LSTM,28.215805399988312
Completeness_0.96_Sequence2576_Horizon_1_WindowSize_24_LSTM,43.51831610000227
Completeness_0.96_Sequence2576_Horizon_1_WindowSize_48_LSTM,73.08939629999804
Completeness_0.96_Sequence2576_Horizon_1_WindowSize_96_LSTM,160.7243707999878
Completeness_0.96_Horizon_1_Overall,375.0158297000162
Completeness_0.96_Sequence2576_Horizon_3_WindowSize_1_Linear,42.44004019998829
Completeness_0.96_Sequence2576_Horizon_3_WindowSize_3_LSTM,16.408558600000106
Completeness_0.96_Sequence2576_Horizon_3_WindowSize_6_LSTM,20.12771829997655
Completeness_0.96_Sequence2576_Horizon_3_WindowSize_12_LSTM,27.557156700000633
Completeness_0.96_Sequence2576_Horizon_3_WindowSize_24_LSTM,43.72170870000264
Completeness_0.96_Sequence2576_Horizon_3_WindowSize_48_LSTM,70.50708440001472
Completeness_0.96_Sequence2576_Horizon_3_WindowSize_96_LSTM,129.25659720000112
Completeness_0.96_Horizon_3_Overall,350.0299545000016
Completeness_0.96_Sequence2576_Horizon_6_WindowSize_1_Linear,38.623093900008826
Completeness_0.96_Sequence2576_Horizon_6_WindowSize_3_LSTM,17.8157954000053
Completeness_0.96_Sequence2576_Horizon_6_WindowSize_6_LSTM,21.01315370001248
Completeness_0.96_Sequence2576_Horizon_6_WindowSize_12_LSTM,28.547621100005927
Completeness_0.96_Sequence2576_Horizon_6_WindowSize_24_LSTM,43.80574510002043
Completeness_0.96_Sequence2576_Horizon_6_WindowSize_48_LSTM,69.04683869998553
Completeness_0.96_Sequence2576_Horizon_6_WindowSize_96_LSTM,126.25573099998292
Completeness_0.96_Horizon_6_Overall,345.1178417999763
Completeness_0.96_Sequence2576_Horizon_12_WindowSize_1_Linear,32.23791419999907
Completeness_0.96_Sequence2576_Horizon_12_WindowSize_3_LSTM,16.200482000014745
Completeness_0.96_Sequence2576_Horizon_12_WindowSize_6_LSTM,20.38254760002019
Completeness_0.96_Sequence2576_Horizon_12_WindowSize_12_LSTM,28.441253800003324
Completeness_0.96_Sequence2576_Horizon_12_WindowSize_24_LSTM,44.24171329999808
Completeness_0.96_Sequence2576_Horizon_12_WindowSize_48_LSTM,82.4609105999989
Completeness_0.96_Sequence2576_Horizon_12_WindowSize_96_LSTM,135.9549485000025
Completeness_0.96_Horizon_12_Overall,359.9305020000029
Completeness_0.96_Sequence2576_Horizon_24_WindowSize_1_Linear,51.02053750000778
Completeness_0.96_Sequence2576_Horizon_24_WindowSize_3_LSTM,20.52741139999125
Completeness_0.96_Sequence2576_Horizon_24_WindowSize_6_LSTM,24.316152399987914
Completeness_0.96_Sequence2576_Horizon_24_WindowSize_12_LSTM,31.693410999985645
Completeness_0.96_Sequence2576_Horizon_24_WindowSize_24_LSTM,45.39342540001962
Completeness_0.96_Sequence2576_Horizon_24_WindowSize_48_LSTM,71.66044800000964
Completeness_0.96_Sequence2576_Horizon_24_WindowSize_96_LSTM,119.93547289998969
Completeness_0.96_Horizon_24_Overall,364.5579973999993
Completeness_0.96_Sequence3864_Horizon_1_WindowSize_1_Linear,34.97798359999433
Completeness_0.96_Sequence3864_Horizon_1_WindowSize_3_LSTM,19.134016800002428
Completeness_0.96_Sequence3864_Horizon_1_WindowSize_6_LSTM,21.523182600009022
Completeness_0.96_Sequence3864_Horizon_1_WindowSize_12_LSTM,29.86357010001666
Completeness_0.96_Sequence3864_Horizon_1_WindowSize_24_LSTM,46.664326800004346
Completeness_0.96_Sequence3864_Horizon_1_WindowSize_48_LSTM,69.3411754000117
Completeness_0.96_Sequence3864_Horizon_1_WindowSize_96_LSTM,134.93129009997938
Completeness_0.96_Horizon_1_Overall,356.4461971000128
Completeness_0.96_Sequence3864_Horizon_3_WindowSize_1_Linear,37.35108860000037
Completeness_0.96_Sequence3864_Horizon_3_WindowSize_3_LSTM,19.52106139998068
Completeness_0.96_Sequence3864_Horizon_3_WindowSize_6_LSTM,22.63623919998645
Completeness_0.96_Sequence3864_Horizon_3_WindowSize_12_LSTM,30.412177899997914
Completeness_0.96_Sequence3864_Horizon_3_WindowSize_24_LSTM,48.048360600019805
Completeness_0.96_Sequence3864_Horizon_3_WindowSize_48_LSTM,82.93110670000897
Completeness_0.96_Sequence3864_Horizon_3_WindowSize_96_LSTM,133.65079249997507
Completeness_0.96_Horizon_3_Overall,374.56338389997836
Completeness_0.96_Sequence3864_Horizon_6_WindowSize_1_Linear,35.060218800004805
Completeness_0.96_Sequence3864_Horizon_6_WindowSize_3_LSTM,18.345611700002337
Completeness_0.96_Sequence3864_Horizon_6_WindowSize_6_LSTM,23.211096200015163
Completeness_0.96_Sequence3864_Horizon_6_WindowSize_12_LSTM,30.05402340000728
Completeness_0.96_Sequence3864_Horizon_6_WindowSize_24_LSTM,48.33914530000766
Completeness_0.96_Sequence3864_Horizon_6_WindowSize_48_LSTM,78.88402470000437
Completeness_0.96_Sequence3864_Horizon_6_WindowSize_96_LSTM,129.74650340000517
Completeness_0.96_Horizon_6_Overall,363.65806610000436
Completeness_0.96_Sequence3864_Horizon_12_WindowSize_1_Linear,35.15356229999452
Completeness_0.96_Sequence3864_Horizon_12_WindowSize_3_LSTM,17.824947999994038
Completeness_0.96_Sequence3864_Horizon_12_WindowSize_6_LSTM,21.682616400008556
Completeness_0.96_Sequence3864_Horizon_12_WindowSize_12_LSTM,28.92436639999505
Completeness_0.96_Sequence3864_Horizon_12_WindowSize_24_LSTM,45.893631600018125
Completeness_0.96_Sequence3864_Horizon_12_WindowSize_48_LSTM,70.48445439999341
Completeness_0.96_Sequence3864_Horizon_12_WindowSize_96_LSTM,152.496837099985
Completeness_0.96_Horizon_12_Overall,372.47136689999024
Completeness_0.96_Sequence3864_Horizon_24_WindowSize_1_Linear,54.99809350000578
Completeness_0.96_Sequence3864_Horizon_24_WindowSize_3_LSTM,28.46274240000639
Completeness_0.96_Sequence3864_Horizon_24_WindowSize_6_LSTM,33.436939499981236
Completeness_0.96_Sequence3864_Horizon_24_WindowSize_12_LSTM,51.1063509999949
Completeness_0.96_Sequence3864_Horizon_24_WindowSize_24_LSTM,67.00327330001164
Completeness_0.96_Sequence3864_Horizon_24_WindowSize_48_LSTM,107.45748240000103
Completeness_0.96_Sequence3864_Horizon_24_WindowSize_96_LSTM,173.71714120000252
Completeness_0.96_Horizon_24_Overall,516.1976044000185
Completeness_0.96_Sequence5152_Horizon_1_WindowSize_1_Linear,67.56197209999664
Completeness_0.96_Sequence5152_Horizon_1_WindowSize_3_LSTM,34.13996470000711
Completeness_0.96_Sequence5152_Horizon_1_WindowSize_6_LSTM,38.811311699973885
Completeness_0.96_Sequence5152_Horizon_1_WindowSize_12_LSTM,51.64391370001249
Completeness_0.96_Sequence5152_Horizon_1_WindowSize_24_LSTM,72.1389332000108
Completeness_0.96_Sequence5152_Horizon_1_WindowSize_48_LSTM,106.32043329998851
Completeness_0.96_Sequence5152_Horizon_1_WindowSize_96_LSTM,200.5024984999909
Completeness_0.96_Horizon_1_Overall,571.137035599997
Completeness_0.96_Sequence5152_Horizon_3_WindowSize_1_Linear,71.19725910000852
Completeness_0.96_Sequence5152_Horizon_3_WindowSize_3_LSTM,31.756262199982302
Completeness_0.96_Sequence5152_Horizon_3_WindowSize_6_LSTM,40.10787949999212
Completeness_0.96_Sequence5152_Horizon_3_WindowSize_12_LSTM,50.3870877000154
Completeness_0.96_Sequence5152_Horizon_3_WindowSize_24_LSTM,74.6110808000085
Completeness_0.96_Sequence5152_Horizon_3_WindowSize_48_LSTM,113.65708330000052
Completeness_0.96_Sequence5152_Horizon_3_WindowSize_96_LSTM,198.381845099997
Completeness_0.96_Horizon_3_Overall,580.1143902999756
Completeness_0.96_Sequence5152_Horizon_6_WindowSize_1_Linear,65.94280910000089
Completeness_0.96_Sequence5152_Horizon_6_WindowSize_3_LSTM,33.33190469999681
Completeness_0.96_Sequence5152_Horizon_6_WindowSize_6_LSTM,40.17652049998287
Completeness_0.96_Sequence5152_Horizon_6_WindowSize_12_LSTM,52.68776239998988
Completeness_0.96_Sequence5152_Horizon_6_WindowSize_24_LSTM,75.99229470000137
Completeness_0.96_Sequence5152_Horizon_6_WindowSize_48_LSTM,116.80572559998836
Completeness_0.96_Sequence5152_Horizon_6_WindowSize_96_LSTM,130.29837699999916
Completeness_0.96_Horizon_6_Overall,515.2524949999934
Completeness_0.96_Sequence5152_Horizon_12_WindowSize_1_Linear,36.867625299986685
Completeness_0.96_Sequence5152_Horizon_12_WindowSize_3_LSTM,17.333706799981883
Completeness_0.96_Sequence5152_Horizon_12_WindowSize_6_LSTM,22.171462400001474
Completeness_0.96_Sequence5152_Horizon_12_WindowSize_12_LSTM,30.13129989997833
Completeness_0.96_Sequence5152_Horizon_12_WindowSize_24_LSTM,50.13618790000328
Completeness_0.96_Sequence5152_Horizon_12_WindowSize_48_LSTM,83.65312010000343
Completeness_0.96_Sequence5152_Horizon_12_WindowSize_96_LSTM,129.75913699998637
Completeness_0.96_Horizon_12_Overall,370.06425009999657
Completeness_0.96_Sequence5152_Horizon_24_WindowSize_1_Linear,40.84954409999773
Completeness_0.96_Sequence5152_Horizon_24_WindowSize_3_LSTM,20.773407300002873
Completeness_0.96_Sequence5152_Horizon_24_WindowSize_6_LSTM,23.268859100004192
Completeness_0.96_Sequence5152_Horizon_24_WindowSize_12_LSTM,35.38888859999133
Completeness_0.96_Sequence5152_Horizon_24_WindowSize_24_LSTM,59.972647699993104
Completeness_0.96_Sequence5152_Horizon_24_WindowSize_48_LSTM,81.8536036000005
Completeness_0.96_Sequence5152_Horizon_24_WindowSize_96_LSTM,129.46243149999646
Completeness_0.96_Horizon_24_Overall,391.5909818999935
Completeness_0.96_Sequence6440_Horizon_1_WindowSize_1_Linear,36.604974799993215
Completeness_0.96_Sequence6440_Horizon_1_WindowSize_3_LSTM,21.809439399978146
Completeness_0.96_Sequence6440_Horizon_1_WindowSize_6_LSTM,27.218276800005697
Completeness_0.96_Sequence6440_Horizon_1_WindowSize_12_LSTM,31.93124990002252
Completeness_0.96_Sequence6440_Horizon_1_WindowSize_24_LSTM,42.73898749999353
Completeness_0.96_Sequence6440_Horizon_1_WindowSize_48_LSTM,74.25427380000474
Completeness_0.96_Sequence6440_Horizon_1_WindowSize_96_LSTM,129.2728533000045
Completeness_0.96_Horizon_1_Overall,363.84279259998584
Completeness_0.96_Sequence6440_Horizon_3_WindowSize_1_Linear,34.47848300001351
Completeness_0.96_Sequence6440_Horizon_3_WindowSize_3_LSTM,20.307004700007383
Completeness_0.96_Sequence6440_Horizon_3_WindowSize_6_LSTM,24.966644300002372
Completeness_0.96_Sequence6440_Horizon_3_WindowSize_12_LSTM,30.60389359999681
Completeness_0.96_Sequence6440_Horizon_3_WindowSize_24_LSTM,48.10207560000708
Completeness_0.96_Sequence6440_Horizon_3_WindowSize_48_LSTM,75.18843210002524
Completeness_0.96_Sequence6440_Horizon_3_WindowSize_96_LSTM,132.2041392000101
Completeness_0.96_Horizon_3_Overall,365.8638824999798
Completeness_0.96_Sequence6440_Horizon_6_WindowSize_1_Linear,40.20056900000782
Completeness_0.96_Sequence6440_Horizon_6_WindowSize_3_LSTM,21.955615999992006
Completeness_0.96_Sequence6440_Horizon_6_WindowSize_6_LSTM,27.346087400015676
Completeness_0.96_Sequence6440_Horizon_6_WindowSize_12_LSTM,32.19893499999307
Completeness_0.96_Sequence6440_Horizon_6_WindowSize_24_LSTM,53.584674299985636
Completeness_0.96_Sequence6440_Horizon_6_WindowSize_48_LSTM,78.08019239999703
Completeness_0.96_Sequence6440_Horizon_6_WindowSize_96_LSTM,130.35617650000495
Completeness_0.96_Horizon_6_Overall,383.7359364000149
Completeness_0.96_Sequence6440_Horizon_12_WindowSize_1_Linear,35.17642960001831
Completeness_0.96_Sequence6440_Horizon_12_WindowSize_3_LSTM,18.876988800009713
Completeness_0.96_Sequence6440_Horizon_12_WindowSize_6_LSTM,22.741187800012995
Completeness_0.96_Sequence6440_Horizon_12_WindowSize_12_LSTM,30.67377110000234
Completeness_0.96_Sequence6440_Horizon_12_WindowSize_24_LSTM,46.852771700010635
Completeness_0.96_Sequence6440_Horizon_12_WindowSize_48_LSTM,75.49257980001858
Completeness_0.96_Sequence6440_Horizon_12_WindowSize_96_LSTM,128.03477779999957
Completeness_0.96_Horizon_12_Overall,357.8597460000019
Completeness_0.96_Sequence6440_Horizon_24_WindowSize_1_Linear,35.00557229999686
Completeness_0.96_Sequence6440_Horizon_24_WindowSize_3_LSTM,20.319419899984496
Completeness_0.96_Sequence6440_Horizon_24_WindowSize_6_LSTM,22.284110899985535
Completeness_0.96_Sequence6440_Horizon_24_WindowSize_12_LSTM,29.62091280001914
Completeness_0.96_Sequence6440_Horizon_24_WindowSize_24_LSTM,46.17046459999983
Completeness_0.96_Sequence6440_Horizon_24_WindowSize_48_LSTM,76.20045309999841
Completeness_0.96_Sequence6440_Horizon_24_WindowSize_96_LSTM,126.4868148000096
Completeness_0.96_Horizon_24_Overall,356.0999460000021
Completeness_0.94_Sequence1810_Horizon_1_WindowSize_1_Linear,49.65269829999306
Completeness_0.94_Sequence1810_Horizon_1_WindowSize_3_LSTM,27.203065100009553
Completeness_0.94_Sequence1810_Horizon_1_WindowSize_6_LSTM,32.03451379999751
Completeness_0.94_Sequence1810_Horizon_1_WindowSize_12_LSTM,43.67194549998385
Completeness_0.94_Sequence1810_Horizon_1_WindowSize_24_LSTM,66.36145060000126
Completeness_0.94_Sequence1810_Horizon_1_WindowSize_48_LSTM,106.07055250002304
Completeness_0.94_Sequence1810_Horizon_1_WindowSize_96_LSTM,185.12955529999454
Completeness_0.94_Horizon_1_Overall,510.1348714000196
Completeness_0.94_Sequence1810_Horizon_3_WindowSize_1_Linear,48.47827120000147
Completeness_0.94_Sequence1810_Horizon_3_WindowSize_3_LSTM,27.744134800013853
Completeness_0.94_Sequence1810_Horizon_3_WindowSize_6_LSTM,34.36288440000499
Completeness_0.94_Sequence1810_Horizon_3_WindowSize_12_LSTM,51.25877079999191
Completeness_0.94_Sequence1810_Horizon_3_WindowSize_24_LSTM,85.7750653999974
Completeness_0.94_Sequence1810_Horizon_3_WindowSize_48_LSTM,118.50464640001883
Completeness_0.94_Sequence1810_Horizon_3_WindowSize_96_LSTM,203.88795269999537
Completeness_0.94_Horizon_3_Overall,570.0255663999997
Completeness_0.94_Sequence1810_Horizon_6_WindowSize_1_Linear,57.47650209997664
Completeness_0.94_Sequence1810_Horizon_6_WindowSize_3_LSTM,28.39673069998389
Completeness_0.94_Sequence1810_Horizon_6_WindowSize_6_LSTM,33.94952709999052
Completeness_0.94_Sequence1810_Horizon_6_WindowSize_12_LSTM,45.255567699990934
Completeness_0.94_Sequence1810_Horizon_6_WindowSize_24_LSTM,68.54992009999114
Completeness_0.94_Sequence1810_Horizon_6_WindowSize_48_LSTM,109.79836950000026
Completeness_0.94_Sequence1810_Horizon_6_WindowSize_96_LSTM,208.34750939998776
Completeness_0.94_Horizon_6_Overall,551.7871856999991
Completeness_0.94_Sequence1810_Horizon_12_WindowSize_1_Linear,51.82843419999699
Completeness_0.94_Sequence1810_Horizon_12_WindowSize_3_LSTM,27.404790800006595
Completeness_0.94_Sequence1810_Horizon_12_WindowSize_6_LSTM,34.59067029997823
Completeness_0.94_Sequence1810_Horizon_12_WindowSize_12_LSTM,45.07742109999526
Completeness_0.94_Sequence1810_Horizon_12_WindowSize_24_LSTM,69.89839240000583
Completeness_0.94_Sequence1810_Horizon_12_WindowSize_48_LSTM,108.23848390000057
Completeness_0.94_Sequence1810_Horizon_12_WindowSize_96_LSTM,179.5211614999862
Completeness_0.94_Horizon_12_Overall,516.5697037999926
Completeness_0.94_Sequence1810_Horizon_24_WindowSize_1_Linear,50.28152619997854
Completeness_0.94_Sequence1810_Horizon_24_WindowSize_3_LSTM,25.10660229998757
Completeness_0.94_Sequence1810_Horizon_24_WindowSize_6_LSTM,30.833250299998326
Completeness_0.94_Sequence1810_Horizon_24_WindowSize_12_LSTM,41.449220400012564
Completeness_0.94_Sequence1810_Horizon_24_WindowSize_24_LSTM,61.050665100017795
Completeness_0.94_Sequence1810_Horizon_24_WindowSize_48_LSTM,101.65415799999028
Completeness_0.94_Sequence1810_Horizon_24_WindowSize_96_LSTM,181.9308861999889
Completeness_0.94_Horizon_24_Overall,492.3172777
Completeness_0.94_Sequence3620_Horizon_1_WindowSize_1_Linear,53.93775250000181
Completeness_0.94_Sequence3620_Horizon_1_WindowSize_3_LSTM,27.136493199999677
Completeness_0.94_Sequence3620_Horizon_1_WindowSize_6_LSTM,30.439103599986993
Completeness_0.94_Sequence3620_Horizon_1_WindowSize_12_LSTM,39.792906199989375
Completeness_0.94_Sequence3620_Horizon_1_WindowSize_24_LSTM,64.90955280000344
Completeness_0.94_Sequence3620_Horizon_1_WindowSize_48_LSTM,103.49351110000862
Completeness_0.94_Sequence3620_Horizon_1_WindowSize_96_LSTM,182.82364370001596
Completeness_0.94_Horizon_1_Overall,502.54532979999203
Completeness_0.94_Sequence3620_Horizon_3_WindowSize_1_Linear,49.34998099997756
Completeness_0.94_Sequence3620_Horizon_3_WindowSize_3_LSTM,23.93981179999537
Completeness_0.94_Sequence3620_Horizon_3_WindowSize_6_LSTM,32.59058879999793
Completeness_0.94_Sequence3620_Horizon_3_WindowSize_12_LSTM,41.339938399993116
Completeness_0.94_Sequence3620_Horizon_3_WindowSize_24_LSTM,65.19232410000404
Completeness_0.94_Sequence3620_Horizon_3_WindowSize_48_LSTM,102.80048289999831
Completeness_0.94_Sequence3620_Horizon_3_WindowSize_96_LSTM,176.28207690001
Completeness_0.94_Horizon_3_Overall,491.50703199999407
Completeness_0.94_Sequence3620_Horizon_6_WindowSize_1_Linear,56.6216895999969
Completeness_0.94_Sequence3620_Horizon_6_WindowSize_3_LSTM,25.65105639997637
Completeness_0.94_Sequence3620_Horizon_6_WindowSize_6_LSTM,28.575405199982924
Completeness_0.94_Sequence3620_Horizon_6_WindowSize_12_LSTM,42.42442049999954
Completeness_0.94_Sequence3620_Horizon_6_WindowSize_24_LSTM,64.77109039999777
Completeness_0.94_Sequence3620_Horizon_6_WindowSize_48_LSTM,94.38306669998565
Completeness_0.94_Sequence3620_Horizon_6_WindowSize_96_LSTM,169.2256391000119
Completeness_0.94_Horizon_6_Overall,481.6643808000081
Completeness_0.94_Sequence3620_Horizon_12_WindowSize_1_Linear,64.23316469998099
Completeness_0.94_Sequence3620_Horizon_12_WindowSize_3_LSTM,35.54193329997361
Completeness_0.94_Sequence3620_Horizon_12_WindowSize_6_LSTM,34.906353300000774
Completeness_0.94_Sequence3620_Horizon_12_WindowSize_12_LSTM,40.77896480000345
Completeness_0.94_Sequence3620_Horizon_12_WindowSize_24_LSTM,67.83184939998318
Completeness_0.94_Sequence3620_Horizon_12_WindowSize_48_LSTM,99.27678169999854
Completeness_0.94_Sequence3620_Horizon_12_WindowSize_96_LSTM,181.30519109999295
Completeness_0.94_Horizon_12_Overall,523.8859114999941
Completeness_0.94_Sequence3620_Horizon_24_WindowSize_1_Linear,51.6629139999859
Completeness_0.94_Sequence3620_Horizon_24_WindowSize_3_LSTM,25.718760599993402
Completeness_0.94_Sequence3620_Horizon_24_WindowSize_6_LSTM,29.25444819999393
Completeness_0.94_Sequence3620_Horizon_24_WindowSize_12_LSTM,41.220650100003695
Completeness_0.94_Sequence3620_Horizon_24_WindowSize_24_LSTM,61.599533699976746
Completeness_0.94_Sequence3620_Horizon_24_WindowSize_48_LSTM,98.30869849998271
Completeness_0.94_Sequence3620_Horizon_24_WindowSize_96_LSTM,188.93095829998492
Completeness_0.94_Horizon_24_Overall,496.7054691000085
Completeness_0.94_Sequence5430_Horizon_1_WindowSize_1_Linear,51.3224928000127
Completeness_0.94_Sequence5430_Horizon_1_WindowSize_3_LSTM,28.061301600013394
Completeness_0.94_Sequence5430_Horizon_1_WindowSize_6_LSTM,31.39095699999598
Completeness_0.94_Sequence5430_Horizon_1_WindowSize_12_LSTM,43.318337699980475
Completeness_0.94_Sequence5430_Horizon_1_WindowSize_24_LSTM,65.86204330000328
Completeness_0.94_Sequence5430_Horizon_1_WindowSize_48_LSTM,110.2094197999977
Completeness_0.94_Sequence5430_Horizon_1_WindowSize_96_LSTM,189.42768980000983
Completeness_0.94_Horizon_1_Overall,519.6040919999941
Completeness_0.94_Sequence5430_Horizon_3_WindowSize_1_Linear,60.54131269999198
Completeness_0.94_Sequence5430_Horizon_3_WindowSize_3_LSTM,24.231133900000714
Completeness_0.94_Sequence5430_Horizon_3_WindowSize_6_LSTM,31.835572400013916
Completeness_0.94_Sequence5430_Horizon_3_WindowSize_12_LSTM,45.899663299991516
Completeness_0.94_Sequence5430_Horizon_3_WindowSize_24_LSTM,68.46892959999968
Completeness_0.94_Sequence5430_Horizon_3_WindowSize_48_LSTM,112.65156219998607
Completeness_0.94_Sequence5430_Horizon_3_WindowSize_96_LSTM,183.98566690000007
Completeness_0.94_Horizon_3_Overall,527.6253944000055
Completeness_0.94_Sequence5430_Horizon_6_WindowSize_1_Linear,52.91998700000113
Completeness_0.94_Sequence5430_Horizon_6_WindowSize_3_LSTM,27.857484300009673
Completeness_0.94_Sequence5430_Horizon_6_WindowSize_6_LSTM,30.315150700014783
Completeness_0.94_Sequence5430_Horizon_6_WindowSize_12_LSTM,44.9964433000132
Completeness_0.94_Sequence5430_Horizon_6_WindowSize_24_LSTM,62.84726929999306
Completeness_0.94_Sequence5430_Horizon_6_WindowSize_48_LSTM,104.15168999999878
Completeness_0.94_Sequence5430_Horizon_6_WindowSize_96_LSTM,227.78935180002009
Completeness_0.94_Horizon_6_Overall,550.888932300004
Completeness_0.94_Sequence5430_Horizon_12_WindowSize_1_Linear,48.90730389999226
Completeness_0.94_Sequence5430_Horizon_12_WindowSize_3_LSTM,24.585691099986434
Completeness_0.94_Sequence5430_Horizon_12_WindowSize_6_LSTM,30.886427000019467
Completeness_0.94_Sequence5430_Horizon_12_WindowSize_12_LSTM,41.27153079997515
Completeness_0.94_Sequence5430_Horizon_12_WindowSize_24_LSTM,59.65961430000607
Completeness_0.94_Sequence5430_Horizon_12_WindowSize_48_LSTM,101.67339459998766
Completeness_0.94_Sequence5430_Horizon_12_WindowSize_96_LSTM,174.9090359999973
Completeness_0.94_Horizon_12_Overall,481.9038977000164
Completeness_0.94_Sequence5430_Horizon_24_WindowSize_1_Linear,47.710455299995374
Completeness_0.94_Sequence5430_Horizon_24_WindowSize_3_LSTM,23.082626999996137
Completeness_0.94_Sequence5430_Horizon_24_WindowSize_6_LSTM,27.56002630002331
Completeness_0.94_Sequence5430_Horizon_24_WindowSize_12_LSTM,37.01548410000396
Completeness_0.94_Sequence5430_Horizon_24_WindowSize_24_LSTM,58.54870470002061
Completeness_0.94_Sequence5430_Horizon_24_WindowSize_48_LSTM,91.78541209999821
Completeness_0.94_Sequence5430_Horizon_24_WindowSize_96_LSTM,160.4440903000068
Completeness_0.94_Horizon_24_Overall,446.1575223999971
Completeness_0.94_Sequence7240_Horizon_1_WindowSize_1_Linear,45.266448899987154
Completeness_0.94_Sequence7240_Horizon_1_WindowSize_3_LSTM,24.967126100003952
Completeness_0.94_Sequence7240_Horizon_1_WindowSize_6_LSTM,31.040809199999785
Completeness_0.94_Sequence7240_Horizon_1_WindowSize_12_LSTM,47.83034549999866
Completeness_0.94_Sequence7240_Horizon_1_WindowSize_24_LSTM,63.14859339999384
Completeness_0.94_Sequence7240_Horizon_1_WindowSize_48_LSTM,101.87720869999612
Completeness_0.94_Sequence7240_Horizon_1_WindowSize_96_LSTM,186.02843030000804
Completeness_0.94_Horizon_1_Overall,500.17134709999664
Completeness_0.94_Sequence7240_Horizon_3_WindowSize_1_Linear,49.53496050002286
Completeness_0.94_Sequence7240_Horizon_3_WindowSize_3_LSTM,26.025181800010614
Completeness_0.94_Sequence7240_Horizon_3_WindowSize_6_LSTM,29.90596160001587
Completeness_0.94_Sequence7240_Horizon_3_WindowSize_12_LSTM,41.30177459999686
Completeness_0.94_Sequence7240_Horizon_3_WindowSize_24_LSTM,74.76957749997382
Completeness_0.94_Sequence7240_Horizon_3_WindowSize_48_LSTM,104.72621330001857
Completeness_0.94_Sequence7240_Horizon_3_WindowSize_96_LSTM,169.4264476999815
Completeness_0.94_Horizon_3_Overall,495.7009078999981
Completeness_0.94_Sequence7240_Horizon_6_WindowSize_1_Linear,46.899794299999485
Completeness_0.94_Sequence7240_Horizon_6_WindowSize_3_LSTM,23.24507159998757
Completeness_0.94_Sequence7240_Horizon_6_WindowSize_6_LSTM,30.259093100001337
Completeness_0.94_Sequence7240_Horizon_6_WindowSize_12_LSTM,43.12244070001179
Completeness_0.94_Sequence7240_Horizon_6_WindowSize_24_LSTM,67.60193330000038
Completeness_0.94_Sequence7240_Horizon_6_WindowSize_48_LSTM,103.12997160002124
Completeness_0.94_Sequence7240_Horizon_6_WindowSize_96_LSTM,178.59435239998857
Completeness_0.94_Horizon_6_Overall,492.86396780001814
Completeness_0.94_Sequence7240_Horizon_12_WindowSize_1_Linear,54.10258540001814
Completeness_0.94_Sequence7240_Horizon_12_WindowSize_3_LSTM,25.44668600001023
Completeness_0.94_Sequence7240_Horizon_12_WindowSize_6_LSTM,29.058900700008962
Completeness_0.94_Sequence7240_Horizon_12_WindowSize_12_LSTM,40.308430900011444
Completeness_0.94_Sequence7240_Horizon_12_WindowSize_24_LSTM,62.6059117000259
Completeness_0.94_Sequence7240_Horizon_12_WindowSize_48_LSTM,102.53416270000162
Completeness_0.94_Sequence7240_Horizon_12_WindowSize_96_LSTM,188.17485150002176
Completeness_0.94_Horizon_12_Overall,502.2446775000135
Completeness_0.94_Sequence7240_Horizon_24_WindowSize_1_Linear,50.77774029999273
Completeness_0.94_Sequence7240_Horizon_24_WindowSize_3_LSTM,24.857003800017992
Completeness_0.94_Sequence7240_Horizon_24_WindowSize_6_LSTM,30.638130400009686
Completeness_0.94_Sequence7240_Horizon_24_WindowSize_12_LSTM,44.74203120000311
Completeness_0.94_Sequence7240_Horizon_24_WindowSize_24_LSTM,84.32138639999903
Completeness_0.94_Sequence7240_Horizon_24_WindowSize_48_LSTM,109.81102209998062
Completeness_0.94_Sequence7240_Horizon_24_WindowSize_96_LSTM,176.33051319999504
Completeness_0.94_Horizon_24_Overall,521.4899352999928
Completeness_0.94_Sequence9050_Horizon_1_WindowSize_1_Linear,50.38733279998996
Completeness_0.94_Sequence9050_Horizon_1_WindowSize_3_LSTM,26.874342399998568
Completeness_0.94_Sequence9050_Horizon_1_WindowSize_6_LSTM,30.41998480001348
Completeness_0.94_Sequence9050_Horizon_1_WindowSize_12_LSTM,40.0203892000136
Completeness_0.94_Sequence9050_Horizon_1_WindowSize_24_LSTM,65.71715620000032
Completeness_0.94_Sequence9050_Horizon_1_WindowSize_48_LSTM,109.78873620001832
Completeness_0.94_Sequence9050_Horizon_1_WindowSize_96_LSTM,211.7220030000026
Completeness_0.94_Horizon_1_Overall,534.9422667000035
Completeness_0.94_Sequence9050_Horizon_3_WindowSize_1_Linear,56.6876717999985
Completeness_0.94_Sequence9050_Horizon_3_WindowSize_3_LSTM,25.892463099997258
Completeness_0.94_Sequence9050_Horizon_3_WindowSize_6_LSTM,32.10983840000699
Completeness_0.94_Sequence9050_Horizon_3_WindowSize_12_LSTM,42.24595969999791
Completeness_0.94_Sequence9050_Horizon_3_WindowSize_24_LSTM,65.715328100021
Completeness_0.94_Sequence9050_Horizon_3_WindowSize_48_LSTM,106.59002840000903
Completeness_0.94_Sequence9050_Horizon_3_WindowSize_96_LSTM,180.47506880000583
Completeness_0.94_Horizon_3_Overall,509.72991550000734
Completeness_0.94_Sequence9050_Horizon_6_WindowSize_1_Linear,53.46669220001786
Completeness_0.94_Sequence9050_Horizon_6_WindowSize_3_LSTM,25.677196700009517
Completeness_0.94_Sequence9050_Horizon_6_WindowSize_6_LSTM,31.73435369998333
Completeness_0.94_Sequence9050_Horizon_6_WindowSize_12_LSTM,44.88317640000605
Completeness_0.94_Sequence9050_Horizon_6_WindowSize_24_LSTM,60.46081299998332
Completeness_0.94_Sequence9050_Horizon_6_WindowSize_48_LSTM,113.6162459999905
Completeness_0.94_Sequence9050_Horizon_6_WindowSize_96_LSTM,180.35851429999457
Completeness_0.94_Horizon_6_Overall,510.20814519998385
Completeness_0.94_Sequence9050_Horizon_12_WindowSize_1_Linear,50.139355699997395
Completeness_0.94_Sequence9050_Horizon_12_WindowSize_3_LSTM,26.919342400011374
Completeness_0.94_Sequence9050_Horizon_12_WindowSize_6_LSTM,32.01543210001546
Completeness_0.94_Sequence9050_Horizon_12_WindowSize_12_LSTM,45.72326689999318
Completeness_0.94_Sequence9050_Horizon_12_WindowSize_24_LSTM,66.18032509999466
Completeness_0.94_Sequence9050_Horizon_12_WindowSize_48_LSTM,98.31140089998371
Completeness_0.94_Sequence9050_Horizon_12_WindowSize_96_LSTM,173.0079318000062
Completeness_0.94_Horizon_12_Overall,492.3104939000041
Completeness_0.94_Sequence9050_Horizon_24_WindowSize_1_Linear,44.345294300001115
Completeness_0.94_Sequence9050_Horizon_24_WindowSize_3_LSTM,24.179016400012188
Completeness_0.94_Sequence9050_Horizon_24_WindowSize_6_LSTM,29.064273900003172
Completeness_0.94_Sequence9050_Horizon_24_WindowSize_12_LSTM,43.01573140002438
Completeness_0.94_Sequence9050_Horizon_24_WindowSize_24_LSTM,69.03597450000234
Completeness_0.94_Sequence9050_Horizon_24_WindowSize_48_LSTM,94.7127618000086
Completeness_0.94_Sequence9050_Horizon_24_WindowSize_96_LSTM,162.23158369999146
Completeness_0.94_Horizon_24_Overall,466.5955887000018
